block_raw,block_matched,row_number,side,structure,variety_raw,variety_matched,variety_id,rootstock_raw,rootstock_matched,rootstock_id,planting_year,tree_count,length_m,area_m2
Bravo 13,Robbies Bravo,13,,PORTION,Bravo,Bravo,ea5e0d65-4796-4d1d-8081-338ca30e7fdf,106,MM.106,070af645-e78b-4e4a-923c-6d2f8b16d174,2013,151,151,604
Bravo 13,Robbies Bravo,14,,PORTION,Bravo,Bravo,ea5e0d65-4796-4d1d-8081-338ca30e7fdf,106,MM.106,070af645-e78b-4e4a-923c-6d2f8b16d174,2013,154,154,616
Bravo 13,Robbies Bravo,15,,PORTION,Bravo,Bravo,ea5e0d65-4796-4d1d-8081-338ca30e7fdf,106,MM.106,070af645-e78b-4e4a-923c-6d2f8b16d174,2013,154,154,616
Bravo 13,Robbies Bravo,16,,PORTION,Bravo,Bravo,ea5e0d65-4796-4d1d-8081-338ca30e7fdf,106,MM.106,070af645-e78b-4e4a-923c-6d2f8b16d174,2013,22,22,88
Bravo 13,Robbies Bravo,16,,PORTION,Bravo,Bravo,ea5e0d65-4796-4d1d-8081-338ca30e7fdf,M26,M.26,0a32306b-5e22-4a0c-aa81-043f730f05ad,2013,146,146,584
Bravo 13,Robbies Bravo,17,,PORTION,Bravo,Bravo,ea5e0d65-4796-4d1d-8081-338ca30e7fdf,M26,M.26,0a32306b-5e22-4a0c-aa81-043f730f05ad,2013,178,178,712
Bravo 13,Robbies Bravo,18,,PORTION,Bravo,Bravo,ea5e0d65-4796-4d1d-8081-338ca30e7fdf,M26,M.26,0a32306b-5e22-4a0c-aa81-043f730f05ad,2013,180,180,720
Bravo 13,Robbies Bravo,19,,PORTION,Bravo,Bravo,ea5e0d65-4796-4d1d-8081-338ca30e7fdf,M26,M.26,0a32306b-5e22-4a0c-aa81-043f730f05ad,2013,77,77,308
Bravo 14,Robbies Bravo,1,,PORTION,Bravo,Bravo,ea5e0d65-4796-4d1d-8081-338ca30e7fdf,M26,M.26,0a32306b-5e22-4a0c-aa81-043f730f05ad,2014,19,19,66.5
Bravo 14,Robbies Bravo,2,,PORTION,Bravo,Bravo,ea5e0d65-4796-4d1d-8081-338ca30e7fdf,M26,M.26,0a32306b-5e22-4a0c-aa81-043f730f05ad,2014,32,32,112
Bravo 14,Robbies Bravo,3,,PORTION,Bravo,Bravo,ea5e0d65-4796-4d1d-8081-338ca30e7fdf,M26,M.26,0a32306b-5e22-4a0c-aa81-043f730f05ad,2014,48,48,168
Bravo 14,Robbies Bravo,4,,PORTION,Bravo,Bravo,ea5e0d65-4796-4d1d-8081-338ca30e7fdf,M26,M.26,0a32306b-5e22-4a0c-aa81-043f730f05ad,2014,67,67,234.5
Bravo 14,Robbies Bravo,5,,PORTION,Bravo,Bravo,ea5e0d65-4796-4d1d-8081-338ca30e7fdf,M26,M.26,0a32306b-5e22-4a0c-aa81-043f730f05ad,2014,81,81,283.5
Bravo 14,Robbies Bravo,6,,PORTION,Bravo,Bravo,ea5e0d65-4796-4d1d-8081-338ca30e7fdf,M26,M.26,0a32306b-5e22-4a0c-aa81-043f730f05ad,2014,73,73,255.5
Bravo 14,Robbies Bravo,7,,PORTION,Bravo,Bravo,ea5e0d65-4796-4d1d-8081-338ca30e7fdf,M26,M.26,0a32306b-5e22-4a0c-aa81-043f730f05ad,2014,88,88,308
Bravo 14,Robbies Bravo,8,,PORTION,Bravo,Bravo,ea5e0d65-4796-4d1d-8081-338ca30e7fdf,M26,M.26,0a32306b-5e22-4a0c-aa81-043f730f05ad,2014,103,103,360.5
Bravo 14,Robbies Bravo,9,,PORTION,Bravo,Bravo,ea5e0d65-4796-4d1d-8081-338ca30e7fdf,M26,M.26,0a32306b-5e22-4a0c-aa81-043f730f05ad,2014,108,108,378
Bravo 14,Robbies Bravo,10,,PORTION,Bravo,Bravo,ea5e0d65-4796-4d1d-8081-338ca30e7fdf,M26,M.26,0a32306b-5e22-4a0c-aa81-043f730f05ad,2014,150,150,525
Bravo 14,Robbies Bravo,11,,PORTION,Bravo,Bravo,ea5e0d65-4796-4d1d-8081-338ca30e7fdf,M26,M.26,0a32306b-5e22-4a0c-aa81-043f730f05ad,2014,155,155,542.5
Bravo 14,Robbies Bravo,12,,PORTION,Bravo,Bravo,ea5e0d65-4796-4d1d-8081-338ca30e7fdf,M26,M.26,0a32306b-5e22-4a0c-aa81-043f730f05ad,2014,163,163,570.5
Bravo 14,Robbies Bravo,19,,PORTION,Bravo,Bravo,ea5e0d65-4796-4d1d-8081-338ca30e7fdf,M26,M.26,0a32306b-5e22-4a0c-aa81-043f730f05ad,2014,106,106,371
Bravo 14,Robbies Bravo,20,,PORTION,Bravo,Bravo,ea5e0d65-4796-4d1d-8081-338ca30e7fdf,M26,M.26,0a32306b-5e22-4a0c-aa81-043f730f05ad,2014,184,184,644
Bravo 14,Robbies Bravo,21,,PORTION,Bravo,Bravo,ea5e0d65-4796-4d1d-8081-338ca30e7fdf,M26,M.26,0a32306b-5e22-4a0c-aa81-043f730f05ad,2014,182,182,637
Bravo 14,Robbies Bravo,22,,PORTION,Bravo,Bravo,ea5e0d65-4796-4d1d-8081-338ca30e7fdf,M26,M.26,0a32306b-5e22-4a0c-aa81-043f730f05ad,2014,183,183,640.5
Bravo 14,Robbies Bravo,23,,PORTION,Bravo,Bravo,ea5e0d65-4796-4d1d-8081-338ca30e7fdf,M26,M.26,0a32306b-5e22-4a0c-aa81-043f730f05ad,2014,188,188,658
Bravo 14,Robbies Bravo,24,,PORTION,Bravo,Bravo,ea5e0d65-4796-4d1d-8081-338ca30e7fdf,M26,M.26,0a32306b-5e22-4a0c-aa81-043f730f05ad,2014,193,193,675.5
Bravo 14,Robbies Bravo,25,,PORTION,Bravo,Bravo,ea5e0d65-4796-4d1d-8081-338ca30e7fdf,M26,M.26,0a32306b-5e22-4a0c-aa81-043f730f05ad,2014,192,192,672
Bravo 14,Robbies Bravo,26,,PORTION,Bravo,Bravo,ea5e0d65-4796-4d1d-8081-338ca30e7fdf,M26,M.26,0a32306b-5e22-4a0c-aa81-043f730f05ad,2014,192,192,672
Bravo 14,Robbies Bravo,27,,PORTION,Bravo,Bravo,ea5e0d65-4796-4d1d-8081-338ca30e7fdf,M26,M.26,0a32306b-5e22-4a0c-aa81-043f730f05ad,2014,115,115,402.5
Bravo 15,Robbies Bravo,27,,PORTION,Bravo,Bravo,ea5e0d65-4796-4d1d-8081-338ca30e7fdf,M26,M.26,0a32306b-5e22-4a0c-aa81-043f730f05ad,2015,83,82.5,288.75
Bravo 15,Robbies Bravo,28,,PORTION,Bravo,Bravo,ea5e0d65-4796-4d1d-8081-338ca30e7fdf,M26,M.26,0a32306b-5e22-4a0c-aa81-043f730f05ad,2015,195,199,696.5
Bravo 15,Robbies Bravo,29,,PORTION,Bravo,Bravo,ea5e0d65-4796-4d1d-8081-338ca30e7fdf,M26,M.26,0a32306b-5e22-4a0c-aa81-043f730f05ad,2015,198,200.5,701.75
Bravo 15,Robbies Bravo,30,,PORTION,Bravo,Bravo,ea5e0d65-4796-4d1d-8081-338ca30e7fdf,M26,M.26,0a32306b-5e22-4a0c-aa81-043f730f05ad,2015,199,201,703.5
Bravo 15,Robbies Bravo,31,,PORTION,Bravo,Bravo,ea5e0d65-4796-4d1d-8081-338ca30e7fdf,M26,M.26,0a32306b-5e22-4a0c-aa81-043f730f05ad,2015,204,203,710.5
Bravo 15,Robbies Bravo,32,,PORTION,Bravo,Bravo,ea5e0d65-4796-4d1d-8081-338ca30e7fdf,M26,M.26,0a32306b-5e22-4a0c-aa81-043f730f05ad,2015,201,205.5,719.25
Bravo 15,Robbies Bravo,33,,PORTION,Bravo,Bravo,ea5e0d65-4796-4d1d-8081-338ca30e7fdf,M26,M.26,0a32306b-5e22-4a0c-aa81-043f730f05ad,2015,202,206,721
Bravo 15,Robbies Bravo,34,,PORTION,Bravo,Bravo,ea5e0d65-4796-4d1d-8081-338ca30e7fdf,M26,M.26,0a32306b-5e22-4a0c-aa81-043f730f05ad,2015,207,207,724.5
Bravo 15,Robbies Bravo,35,,PORTION,Bravo,Bravo,ea5e0d65-4796-4d1d-8081-338ca30e7fdf,M26,M.26,0a32306b-5e22-4a0c-aa81-043f730f05ad,2015,207,207,724.5
CHERRY BRAVO,Cherry Bravo,1,,PORTION,BRAVO,Bravo,ea5e0d65-4796-4d1d-8081-338ca30e7fdf,M26,M.26,0a32306b-5e22-4a0c-aa81-043f730f05ad,2016,183,183,549
CHERRY BRAVO,Cherry Bravo,2,,PORTION,BRAVO,Bravo,ea5e0d65-4796-4d1d-8081-338ca30e7fdf,M26,M.26,0a32306b-5e22-4a0c-aa81-043f730f05ad,2016,182,182,546
CHERRY BRAVO,Cherry Bravo,3,,PORTION,BRAVO,Bravo,ea5e0d65-4796-4d1d-8081-338ca30e7fdf,M26,M.26,0a32306b-5e22-4a0c-aa81-043f730f05ad,2016,181,181,543
CHERRY BRAVO,Cherry Bravo,4,,PORTION,BRAVO,Bravo,ea5e0d65-4796-4d1d-8081-338ca30e7fdf,M26,M.26,0a32306b-5e22-4a0c-aa81-043f730f05ad,2016,180,180,540
CHERRY BRAVO,Cherry Bravo,5,,PORTION,BRAVO,Bravo,ea5e0d65-4796-4d1d-8081-338ca30e7fdf,M26,M.26,0a32306b-5e22-4a0c-aa81-043f730f05ad,2016,179,179,537
CHERRY BRAVO,Cherry Bravo,6,,PORTION,BRAVO,Bravo,ea5e0d65-4796-4d1d-8081-338ca30e7fdf,M26,M.26,0a32306b-5e22-4a0c-aa81-043f730f05ad,2016,178,178,534
CHERRY BRAVO,Cherry Bravo,7,,PORTION,BRAVO,Bravo,ea5e0d65-4796-4d1d-8081-338ca30e7fdf,M26,M.26,0a32306b-5e22-4a0c-aa81-043f730f05ad,2016,177,177,531
CHERRY BRAVO,Cherry Bravo,8,,PORTION,BRAVO,Bravo,ea5e0d65-4796-4d1d-8081-338ca30e7fdf,M26,M.26,0a32306b-5e22-4a0c-aa81-043f730f05ad,2016,177,177,531
CHERRY BRAVO,Cherry Bravo,9,,PORTION,BRAVO,Bravo,ea5e0d65-4796-4d1d-8081-338ca30e7fdf,M26,M.26,0a32306b-5e22-4a0c-aa81-043f730f05ad,2016,176,176,528
CHERRY BRAVO,Cherry Bravo,10,,PORTION,BRAVO,Bravo,ea5e0d65-4796-4d1d-8081-338ca30e7fdf,M26,M.26,0a32306b-5e22-4a0c-aa81-043f730f05ad,2016,175,175,525
CHERRY BRAVO,Cherry Bravo,11,,PORTION,BRAVO,Bravo,ea5e0d65-4796-4d1d-8081-338ca30e7fdf,M26,M.26,0a32306b-5e22-4a0c-aa81-043f730f05ad,2016,175,175,525
CHERRY BRAVO,Cherry Bravo,12,,PORTION,BRAVO,Bravo,ea5e0d65-4796-4d1d-8081-338ca30e7fdf,M26,M.26,0a32306b-5e22-4a0c-aa81-043f730f05ad,2016,174,174,522
CHERRY BRAVO,Cherry Bravo,13,,PORTION,BRAVO,Bravo,ea5e0d65-4796-4d1d-8081-338ca30e7fdf,M26,M.26,0a32306b-5e22-4a0c-aa81-043f730f05ad,2016,173,173,519
CHERRY BRAVO,Cherry Bravo,14,,PORTION,BRAVO,Bravo,ea5e0d65-4796-4d1d-8081-338ca30e7fdf,M26,M.26,0a32306b-5e22-4a0c-aa81-043f730f05ad,2016,173,173,519
CHERRY BRAVO,Cherry Bravo,15,,PORTION,BRAVO,Bravo,ea5e0d65-4796-4d1d-8081-338ca30e7fdf,M26,M.26,0a32306b-5e22-4a0c-aa81-043f730f05ad,2016,172,172,516
CHERRY BRAVO,Cherry Bravo,16,,PORTION,BRAVO,Bravo,ea5e0d65-4796-4d1d-8081-338ca30e7fdf,M26,M.26,0a32306b-5e22-4a0c-aa81-043f730f05ad,2016,171,171,513
Cherries,Rainier,12,,PORTION,Rain,Rainier,e943c121-4548-415a-b784-b9906b8fec6b,Mazzard,Mazzard,ebd6a7f5-9f5f-4af0-ae69-080f96f94eb4,1987,173,173,865
Cherries,Rainier,13,,PORTION,Rain,Rainier,e943c121-4548-415a-b784-b9906b8fec6b,Mazzard,Mazzard,ebd6a7f5-9f5f-4af0-ae69-080f96f94eb4,2021,172,172,860
Cherries,Van,14,,PORTION,Van,Van,e4ac9ea7-6d6a-489b-9b7e-f91b19f79a7c,Mazzard,Mazzard,ebd6a7f5-9f5f-4af0-ae69-080f96f94eb4,2021,172,172,860
Cherries,Van,15,,PORTION,Van,Van,e4ac9ea7-6d6a-489b-9b7e-f91b19f79a7c,Mazzard,Mazzard,ebd6a7f5-9f5f-4af0-ae69-080f96f94eb4,1987,170,170,850
Cherries,Van,16,,PORTION,Van,Van,e4ac9ea7-6d6a-489b-9b7e-f91b19f79a7c,Mazzard,Mazzard,ebd6a7f5-9f5f-4af0-ae69-080f96f94eb4,1987,170,170,850
Cherries,Rainier,17,,PORTION,Rain,Rainier,e943c121-4548-415a-b784-b9906b8fec6b,Mazzard,Mazzard,ebd6a7f5-9f5f-4af0-ae69-080f96f94eb4,1987,61,61,305
Cherries,Rainier,17,,PORTION,Rain,Rainier,e943c121-4548-415a-b784-b9906b8fec6b,Mazzard,Mazzard,ebd6a7f5-9f5f-4af0-ae69-080f96f94eb4,2001,29,29,145
Cherries,Rainier,17,,PORTION,Rain,Rainier,e943c121-4548-415a-b784-b9906b8fec6b,Mazzard,Mazzard,ebd6a7f5-9f5f-4af0-ae69-080f96f94eb4,2006,31,31,155
Cherries,Rainier,17,,PORTION,Rain,Rainier,e943c121-4548-415a-b784-b9906b8fec6b,Mazzard,Mazzard,ebd6a7f5-9f5f-4af0-ae69-080f96f94eb4,1987,50,50,250
Cherries,Van,18,,PORTION,Van,Van,e4ac9ea7-6d6a-489b-9b7e-f91b19f79a7c,Mazzard,Mazzard,ebd6a7f5-9f5f-4af0-ae69-080f96f94eb4,2018,53,53,265
Cherries,Van,18,,PORTION,Van,Van,e4ac9ea7-6d6a-489b-9b7e-f91b19f79a7c,Mazzard,Mazzard,ebd6a7f5-9f5f-4af0-ae69-080f96f94eb4,1987,50,50,250
Cherries,Van,18,,PORTION,Van,Van,e4ac9ea7-6d6a-489b-9b7e-f91b19f79a7c,Mazzard,Mazzard,ebd6a7f5-9f5f-4af0-ae69-080f96f94eb4,2018,50,50,250
Cherries,Van,18,,PORTION,Van,Van,e4ac9ea7-6d6a-489b-9b7e-f91b19f79a7c,Mazzard,Mazzard,ebd6a7f5-9f5f-4af0-ae69-080f96f94eb4,2018,13,13,65
Cherries,Lapin,19,,PORTION,Lap,Lapin,494d73da-11fc-401b-9164-9b3a48f01003,Mazzard,Mazzard,ebd6a7f5-9f5f-4af0-ae69-080f96f94eb4,2006,12,12,60
Cherries,Lapin,19,,PORTION,Lap,Lapin,494d73da-11fc-401b-9164-9b3a48f01003,Mazzard,Mazzard,ebd6a7f5-9f5f-4af0-ae69-080f96f94eb4,2006,52,52,260
Cherries,Lapin,19,,PORTION,Lap,Lapin,494d73da-11fc-401b-9164-9b3a48f01003,Mazzard,Mazzard,ebd6a7f5-9f5f-4af0-ae69-080f96f94eb4,2001,51,51,255
Cherries,Lapin,19,,PORTION,Lap,Lapin,494d73da-11fc-401b-9164-9b3a48f01003,Mazzard,Mazzard,ebd6a7f5-9f5f-4af0-ae69-080f96f94eb4,2006,48,48,240
Cherries,Rainier,20,,PORTION,Rain,Rainier,e943c121-4548-415a-b784-b9906b8fec6b,Mazzard,Mazzard,ebd6a7f5-9f5f-4af0-ae69-080f96f94eb4,2006,167,167,835
Cherries,Van,21,,PORTION,Van,Van,e4ac9ea7-6d6a-489b-9b7e-f91b19f79a7c,Mazzard,Mazzard,ebd6a7f5-9f5f-4af0-ae69-080f96f94eb4,1987,166,166,830
Cherries,Rainier,22,,PORTION,Rain,Rainier,e943c121-4548-415a-b784-b9906b8fec6b,Mazzard,Mazzard,ebd6a7f5-9f5f-4af0-ae69-080f96f94eb4,2018,165,165,825
Cherries,Chelan,23,,PORTION,Chelan,Chelan,2547ce91-4b05-4e14-9b66-8f3f0b24b2e1,Mazzard,Mazzard,ebd6a7f5-9f5f-4af0-ae69-080f96f94eb4,2018,164,164,820
Cherries,Chelan,24,,PORTION,Chelan,Chelan,2547ce91-4b05-4e14-9b66-8f3f0b24b2e1,Mazzard,Mazzard,ebd6a7f5-9f5f-4af0-ae69-080f96f94eb4,2024,150,164,820
Cherries,Chelan,24,,PORTION,Chelan,Chelan,2547ce91-4b05-4e14-9b66-8f3f0b24b2e1,Mazzard,Mazzard,ebd6a7f5-9f5f-4af0-ae69-080f96f94eb4,2018,14,14,70
Cherries,Van,25,,PORTION,Van,Van,e4ac9ea7-6d6a-489b-9b7e-f91b19f79a7c,Mazzard,Mazzard,ebd6a7f5-9f5f-4af0-ae69-080f96f94eb4,2021,81,81,405
Cherries,Van,25,,PORTION,Rain,Rainier,e943c121-4548-415a-b784-b9906b8fec6b,Mazzard,Mazzard,ebd6a7f5-9f5f-4af0-ae69-080f96f94eb4,1997,81,81,405
Cherries,Lapin,26,,PORTION,Lap,Lapin,494d73da-11fc-401b-9164-9b3a48f01003,Mazzard,Mazzard,ebd6a7f5-9f5f-4af0-ae69-080f96f94eb4,1997,160,160,800
Cherries,Van,27,,PORTION,Van,Van,e4ac9ea7-6d6a-489b-9b7e-f91b19f79a7c,Mazzard,Mazzard,ebd6a7f5-9f5f-4af0-ae69-080f96f94eb4,1997,157,157,785
Cherries,Rainier,28,,PORTION,Rain,Rainier,e943c121-4548-415a-b784-b9906b8fec6b,Mazzard,Mazzard,ebd6a7f5-9f5f-4af0-ae69-080f96f94eb4,2012,156,156,780
Cherries,Rainier,29,,PORTION,Rain,Rainier,e943c121-4548-415a-b784-b9906b8fec6b,Mazzard,Mazzard,ebd6a7f5-9f5f-4af0-ae69-080f96f94eb4,2012,156,156,780
GS/PL Trellis,GSPL Pink Lady,1,,PORTION,P/L,Pink Lady,23ee67fb-37d2-442b-ab9d-d9ddeaa4b7d8,104,MM.104,aaad9070-e35e-41e4-aa2d-5955c6db065a,2001,346,173,865
GS/PL Trellis,GSPL Pink Lady,2,,PORTION,P/L,Pink Lady,23ee67fb-37d2-442b-ab9d-d9ddeaa4b7d8,104,MM.104,aaad9070-e35e-41e4-aa2d-5955c6db065a,2001,346,173,865
GS/PL Trellis,GSPL Granny Smith,3,,PORTION,G/S,Granny Smith,c12ba571-815f-4c41-afae-57d07475c392,104,MM.104,aaad9070-e35e-41e4-aa2d-5955c6db065a,1996,346,173,778.5
GS/PL Trellis,GSPL Granny Smith,4,,PORTION,G/S,Granny Smith,c12ba571-815f-4c41-afae-57d07475c392,104,MM.104,aaad9070-e35e-41e4-aa2d-5955c6db065a,1996,344,172,774
GS/PL Trellis,GSPL Granny Smith,5,,PORTION,G/S,Granny Smith,c12ba571-815f-4c41-afae-57d07475c392,104,MM.104,aaad9070-e35e-41e4-aa2d-5955c6db065a,1996,344,172,774
GS/PL Trellis,GSPL Granny Smith,6,,PORTION,G/S,Granny Smith,c12ba571-815f-4c41-afae-57d07475c392,104,MM.104,aaad9070-e35e-41e4-aa2d-5955c6db065a,1996,342,171,769.5
GS/PL Trellis,GSPL Pink Lady,7,,PORTION,P/L,Pink Lady,23ee67fb-37d2-442b-ab9d-d9ddeaa4b7d8,104,MM.104,aaad9070-e35e-41e4-aa2d-5955c6db065a,2001,342,171,855
GS/PL Trellis,GSPL Granny Smith,8,,PORTION,G/S,Granny Smith,c12ba571-815f-4c41-afae-57d07475c392,104,MM.104,aaad9070-e35e-41e4-aa2d-5955c6db065a,1996,340,170,850
GS/PL Trellis,GSPL Granny Smith,9,,PORTION,G/S,Granny Smith,c12ba571-815f-4c41-afae-57d07475c392,104,MM.104,aaad9070-e35e-41e4-aa2d-5955c6db065a,1996,321,170,765
GS/PL Trellis,GSPL Granny Smith,10,,PORTION,G/S,Granny Smith,c12ba571-815f-4c41-afae-57d07475c392,104,MM.104,aaad9070-e35e-41e4-aa2d-5955c6db065a,1996,340,170,765
GS/PL Trellis,GSPL Granny Smith,11,,PORTION,G/S,Granny Smith,c12ba571-815f-4c41-afae-57d07475c392,104,MM.104,aaad9070-e35e-41e4-aa2d-5955c6db065a,1996,340,170,765
GS/PL Trellis,GSPL Pink Lady,12,,PORTION,P/L,Pink Lady,23ee67fb-37d2-442b-ab9d-d9ddeaa4b7d8,104,MM.104,aaad9070-e35e-41e4-aa2d-5955c6db065a,,340,170,850
GS/PL Trellis,GSPL Granny Smith,13,,PORTION,G/S,Granny Smith,c12ba571-815f-4c41-afae-57d07475c392,104,MM.104,aaad9070-e35e-41e4-aa2d-5955c6db065a,1996,340,170,850
GS/PL Trellis,GSPL Granny Smith,14,,PORTION,G/S,Granny Smith,c12ba571-815f-4c41-afae-57d07475c392,104,MM.104,aaad9070-e35e-41e4-aa2d-5955c6db065a,1996,327,170,765
GS/PL Trellis,GSPL Granny Smith,15,,PORTION,G/S,Granny Smith,c12ba571-815f-4c41-afae-57d07475c392,104,MM.104,aaad9070-e35e-41e4-aa2d-5955c6db065a,1996,340,170,765
GS/PL Trellis,GSPL Granny Smith,16,,PORTION,G/S,Granny Smith,c12ba571-815f-4c41-afae-57d07475c392,104,MM.104,aaad9070-e35e-41e4-aa2d-5955c6db065a,1996,338,169,760.5
GS/PL Trellis,GSPL Pink Lady,17,,PORTION,P/L,Pink Lady,23ee67fb-37d2-442b-ab9d-d9ddeaa4b7d8,109,MM.109,cff3de27-0bde-4a1d-879c-6ccc107111e3,1997,340,170,850
GS/PL Trellis,GSPL Granny Smith,18,,PORTION,G/S,Granny Smith,c12ba571-815f-4c41-afae-57d07475c392,104,MM.104,aaad9070-e35e-41e4-aa2d-5955c6db065a,1997,340,170,850
GS/PL Trellis,GSPL Granny Smith,19,,PORTION,G/S,Granny Smith,c12ba571-815f-4c41-afae-57d07475c392,104,MM.104,aaad9070-e35e-41e4-aa2d-5955c6db065a,1997,459,170,850
GS/PL Trellis,GSPL Granny Smith,20,,PORTION,G/S,Granny Smith,c12ba571-815f-4c41-afae-57d07475c392,104,MM.104,aaad9070-e35e-41e4-aa2d-5955c6db065a,1997,340,170,850
GS/PL Trellis,GSPL Granny Smith,21,,PORTION,G/S,Granny Smith,c12ba571-815f-4c41-afae-57d07475c392,104,MM.104,aaad9070-e35e-41e4-aa2d-5955c6db065a,1997,336,168,840
GS/PL Trellis,GSPL Pink Lady,22,,PORTION,P/L,Pink Lady,23ee67fb-37d2-442b-ab9d-d9ddeaa4b7d8,109,MM.109,cff3de27-0bde-4a1d-879c-6ccc107111e3,1997,336,168,840
GS/PL Trellis,GSPL Granny Smith,23,,PORTION,G/S,Granny Smith,c12ba571-815f-4c41-afae-57d07475c392,104,MM.104,aaad9070-e35e-41e4-aa2d-5955c6db065a,1997,336,168,840
GS/PL Trellis,GSPL Granny Smith,24,,PORTION,G/S,Granny Smith,c12ba571-815f-4c41-afae-57d07475c392,104,MM.104,aaad9070-e35e-41e4-aa2d-5955c6db065a,1997,334,167,835
GS/PL Trellis,GSPL Granny Smith,25,,PORTION,G/S,Granny Smith,c12ba571-815f-4c41-afae-57d07475c392,104,MM.104,aaad9070-e35e-41e4-aa2d-5955c6db065a,1997,334,167,835
GS/PL Trellis,GSPL Granny Smith,26,,PORTION,G/S,Granny Smith,c12ba571-815f-4c41-afae-57d07475c392,104,MM.104,aaad9070-e35e-41e4-aa2d-5955c6db065a,1997,334,167,835
GS/PL Trellis,GSPL Pink Lady,27,,PORTION,P/L,Pink Lady,23ee67fb-37d2-442b-ab9d-d9ddeaa4b7d8,109,MM.109,cff3de27-0bde-4a1d-879c-6ccc107111e3,1997,334,167,835
GS/PL Trellis,GSPL Granny Smith,28,,PORTION,G/S,Granny Smith,c12ba571-815f-4c41-afae-57d07475c392,109,MM.109,cff3de27-0bde-4a1d-879c-6ccc107111e3,1997,78,39,195
GS/PL Trellis,GSPL Granny Smith,28,,PORTION,G/S,Granny Smith,c12ba571-815f-4c41-afae-57d07475c392,104,MM.104,aaad9070-e35e-41e4-aa2d-5955c6db065a,1997,256,128,640
GS/PL Trellis,GSPL Granny Smith,29,,PORTION,G/S,Granny Smith,c12ba571-815f-4c41-afae-57d07475c392,109,MM.109,cff3de27-0bde-4a1d-879c-6ccc107111e3,1997,334,167,835
GS/PL Trellis,GSPL Granny Smith,30,,PORTION,G/S,Granny Smith,c12ba571-815f-4c41-afae-57d07475c392,109,MM.109,cff3de27-0bde-4a1d-879c-6ccc107111e3,1997,334,167,835
GS/PL Trellis,GSPL Granny Smith,31,,PORTION,G/S,Granny Smith,c12ba571-815f-4c41-afae-57d07475c392,109,MM.109,cff3de27-0bde-4a1d-879c-6ccc107111e3,1997,334,167,835
GS/PL Trellis,GSPL Granny Smith,32,,PORTION,G/S,Granny Smith,c12ba571-815f-4c41-afae-57d07475c392,109,MM.109,cff3de27-0bde-4a1d-879c-6ccc107111e3,1997,152,76,380
GS/PL Trellis,GSPL Granny Smith,32,,PORTION,P/L,Pink Lady,23ee67fb-37d2-442b-ab9d-d9ddeaa4b7d8,106,MM.106,070af645-e78b-4e4a-923c-6d2f8b16d174,1997,180,90,450
GS/PL Trellis,GSPL Pink Lady,33,,PORTION,P/L,Pink Lady,23ee67fb-37d2-442b-ab9d-d9ddeaa4b7d8,106,MM.106,070af645-e78b-4e4a-923c-6d2f8b16d174,1997,332,166,830
GS/PL Trellis,GSPL Pink Lady,34,,PORTION,P/L,Pink Lady,23ee67fb-37d2-442b-ab9d-d9ddeaa4b7d8,106,MM.106,070af645-e78b-4e4a-923c-6d2f8b16d174,1997,332,166,830
GS/PL Trellis,GSPL Pink Lady,35,,PORTION,P/L,Pink Lady,23ee67fb-37d2-442b-ab9d-d9ddeaa4b7d8,106,MM.106,070af645-e78b-4e4a-923c-6d2f8b16d174,1997,76,38,190
GS/PL Trellis,GSPL Pink Lady,35,,PORTION,P/L,Pink Lady,23ee67fb-37d2-442b-ab9d-d9ddeaa4b7d8,104,MM.104,aaad9070-e35e-41e4-aa2d-5955c6db065a,1997,166,83,415
GS/PL Trellis,GSPL Pink Lady,35,,PORTION,P/L,Pink Lady,23ee67fb-37d2-442b-ab9d-d9ddeaa4b7d8,109,MM.109,cff3de27-0bde-4a1d-879c-6ccc107111e3,1997,90,45,225
Lady In Red,Lady In Red,1,,PORTION,Lady In Red,Pink Lady,23ee67fb-37d2-442b-ab9d-d9ddeaa4b7d8,M26,M.26,0a32306b-5e22-4a0c-aa81-043f730f05ad,2018,187,187,561
Lady In Red,Lady In Red,2,,PORTION,Lady In Red,Pink Lady,23ee67fb-37d2-442b-ab9d-d9ddeaa4b7d8,M26,M.26,0a32306b-5e22-4a0c-aa81-043f730f05ad,2018,187,187,561
Lady In Red,Lady In Red,3,,PORTION,Lady In Red,Pink Lady,23ee67fb-37d2-442b-ab9d-d9ddeaa4b7d8,M26,M.26,0a32306b-5e22-4a0c-aa81-043f730f05ad,2018,187,187,561
Lady In Red,Lady In Red,4,,PORTION,Lady In Red,Pink Lady,23ee67fb-37d2-442b-ab9d-d9ddeaa4b7d8,M26,M.26,0a32306b-5e22-4a0c-aa81-043f730f05ad,2018,187,187,561
Lady In Red,Lady In Red,5,,PORTION,Lady In Red,Pink Lady,23ee67fb-37d2-442b-ab9d-d9ddeaa4b7d8,M26,M.26,0a32306b-5e22-4a0c-aa81-043f730f05ad,2018,187,187,561
Lady In Red,Lady In Red,6,,PORTION,Lady In Red,Pink Lady,23ee67fb-37d2-442b-ab9d-d9ddeaa4b7d8,M26,M.26,0a32306b-5e22-4a0c-aa81-043f730f05ad,2018,187,187,561
Lady In Red,Lady In Red,7,,PORTION,Lady In Red,Pink Lady,23ee67fb-37d2-442b-ab9d-d9ddeaa4b7d8,M26,M.26,0a32306b-5e22-4a0c-aa81-043f730f05ad,2018,187,187,561
Lady In Red,Lady In Red,8,,PORTION,Lady In Red,Pink Lady,23ee67fb-37d2-442b-ab9d-d9ddeaa4b7d8,M26,M.26,0a32306b-5e22-4a0c-aa81-043f730f05ad,2018,211,211.32,633.96
Lady In Red,Lady In Red,9,,PORTION,Lady In Red,Pink Lady,23ee67fb-37d2-442b-ab9d-d9ddeaa4b7d8,M26,M.26,0a32306b-5e22-4a0c-aa81-043f730f05ad,2018,210,210.08,630.24
Lady In Red,Lady In Red,10,,PORTION,Lady In Red,Pink Lady,23ee67fb-37d2-442b-ab9d-d9ddeaa4b7d8,M26,M.26,0a32306b-5e22-4a0c-aa81-043f730f05ad,2018,208,208.84,626.52
Lady In Red,Lady In Red,11,,PORTION,Lady In Red,Pink Lady,23ee67fb-37d2-442b-ab9d-d9ddeaa4b7d8,M26,M.26,0a32306b-5e22-4a0c-aa81-043f730f05ad,2018,207,207.6,622.8
Lady In Red,Lady In Red,12,,PORTION,Lady In Red,Pink Lady,23ee67fb-37d2-442b-ab9d-d9ddeaa4b7d8,M26,M.26,0a32306b-5e22-4a0c-aa81-043f730f05ad,2018,206,206.36,619.08
Lady In Red,Lady In Red,13,,PORTION,Lady In Red,Pink Lady,23ee67fb-37d2-442b-ab9d-d9ddeaa4b7d8,M26,M.26,0a32306b-5e22-4a0c-aa81-043f730f05ad,2018,205,205.12,615.36
Lady In Red,Lady In Red,14,,PORTION,Lady In Red,Pink Lady,23ee67fb-37d2-442b-ab9d-d9ddeaa4b7d8,M26,M.26,0a32306b-5e22-4a0c-aa81-043f730f05ad,2018,203,203.88,611.64
Lady In Red,Lady In Red,15,,PORTION,Lady In Red,Pink Lady,23ee67fb-37d2-442b-ab9d-d9ddeaa4b7d8,M26,M.26,0a32306b-5e22-4a0c-aa81-043f730f05ad,2018,202,202.64,607.92
Lady In Red,Lady In Red,16,,PORTION,Lady In Red,Pink Lady,23ee67fb-37d2-442b-ab9d-d9ddeaa4b7d8,M26,M.26,0a32306b-5e22-4a0c-aa81-043f730f05ad,2018,201,201.4,604.2
Lady In Red,Lady In Red,17,,PORTION,Lady In Red,Pink Lady,23ee67fb-37d2-442b-ab9d-d9ddeaa4b7d8,M26,M.26,0a32306b-5e22-4a0c-aa81-043f730f05ad,2018,200,200.16,600.48
Lady In Red,Lady In Red,18,,PORTION,Lady In Red,Pink Lady,23ee67fb-37d2-442b-ab9d-d9ddeaa4b7d8,M26,M.26,0a32306b-5e22-4a0c-aa81-043f730f05ad,2018,198,198.92,596.76
Lady In Red,Lady In Red,19,,PORTION,Lady In Red,Pink Lady,23ee67fb-37d2-442b-ab9d-d9ddeaa4b7d8,M26,M.26,0a32306b-5e22-4a0c-aa81-043f730f05ad,2018,197,197.68,593.04
Lady In Red,Lady In Red,20,,PORTION,Lady In Red,Pink Lady,23ee67fb-37d2-442b-ab9d-d9ddeaa4b7d8,M26,M.26,0a32306b-5e22-4a0c-aa81-043f730f05ad,2018,196,196.44,589.32
Lady In Red,Lady In Red,21,,PORTION,Lady In Red,Pink Lady,23ee67fb-37d2-442b-ab9d-d9ddeaa4b7d8,M26,M.26,0a32306b-5e22-4a0c-aa81-043f730f05ad,2018,195,195.2,585.6
Lady In Red,Lady In Red,22,,PORTION,Lady In Red,Pink Lady,23ee67fb-37d2-442b-ab9d-d9ddeaa4b7d8,M26,M.26,0a32306b-5e22-4a0c-aa81-043f730f05ad,2018,193,193.96,581.88
Lady In Red,Lady In Red,23,,PORTION,Lady In Red,Pink Lady,23ee67fb-37d2-442b-ab9d-d9ddeaa4b7d8,M26,M.26,0a32306b-5e22-4a0c-aa81-043f730f05ad,2018,192,192.72,578.16
Lady In Red,Lady In Red,24,,PORTION,Lady In Red,Pink Lady,23ee67fb-37d2-442b-ab9d-d9ddeaa4b7d8,M26,M.26,0a32306b-5e22-4a0c-aa81-043f730f05ad,2018,191,191.48,574.44
Lady In Red,Lady In Red,25,,PORTION,Lady In Red,Pink Lady,23ee67fb-37d2-442b-ab9d-d9ddeaa4b7d8,M26,M.26,0a32306b-5e22-4a0c-aa81-043f730f05ad,2018,190,190.24,570.72
Lady In Red,Lady In Red,26,,PORTION,Lady In Red,Pink Lady,23ee67fb-37d2-442b-ab9d-d9ddeaa4b7d8,M26,M.26,0a32306b-5e22-4a0c-aa81-043f730f05ad,2018,189,189,567
Lady In Red 2019,Lady In Red,1,,PORTION,Lady In Red,Pink Lady,23ee67fb-37d2-442b-ab9d-d9ddeaa4b7d8,M26,M.26,0a32306b-5e22-4a0c-aa81-043f730f05ad,2019,188,188.42,565.26
Lady In Red 2019,Lady In Red,2,,PORTION,Lady In Red,Pink Lady,23ee67fb-37d2-442b-ab9d-d9ddeaa4b7d8,M26,M.26,0a32306b-5e22-4a0c-aa81-043f730f05ad,2019,187,187.23,561.69
Lady In Red 2019,Lady In Red,3,,PORTION,Lady In Red,Pink Lady,23ee67fb-37d2-442b-ab9d-d9ddeaa4b7d8,M26,M.26,0a32306b-5e22-4a0c-aa81-043f730f05ad,2019,186,186.04,558.12
Lady In Red 2019,Lady In Red,4,,PORTION,Lady In Red,Pink Lady,23ee67fb-37d2-442b-ab9d-d9ddeaa4b7d8,M26,M.26,0a32306b-5e22-4a0c-aa81-043f730f05ad,2019,184,184.05,552.15
Lady In Red 2019,Lady In Red,5,,PORTION,Lady In Red,Pink Lady,23ee67fb-37d2-442b-ab9d-d9ddeaa4b7d8,M26,M.26,0a32306b-5e22-4a0c-aa81-043f730f05ad,2019,183,183.67,551.01
Lady In Red 2019,Lady In Red,6,,PORTION,Lady In Red,Pink Lady,23ee67fb-37d2-442b-ab9d-d9ddeaa4b7d8,M26,M.26,0a32306b-5e22-4a0c-aa81-043f730f05ad,2019,182,182.48,547.44
Lady In Red 2019,Lady In Red,7,,PORTION,Lady In Red,Pink Lady,23ee67fb-37d2-442b-ab9d-d9ddeaa4b7d8,M26,M.26,0a32306b-5e22-4a0c-aa81-043f730f05ad,2019,181,181.29,543.87
Lady In Red 2019,Lady In Red,8,,PORTION,Lady In Red,Pink Lady,23ee67fb-37d2-442b-ab9d-d9ddeaa4b7d8,M26,M.26,0a32306b-5e22-4a0c-aa81-043f730f05ad,2019,180,180.11,540.33
Lady In Red 2019,Lady In Red,9,,PORTION,Lady In Red,Pink Lady,23ee67fb-37d2-442b-ab9d-d9ddeaa4b7d8,M26,M.26,0a32306b-5e22-4a0c-aa81-043f730f05ad,2019,178,178.92,536.76
Lady In Red 2019,Lady In Red,10,,PORTION,Lady In Red,Pink Lady,23ee67fb-37d2-442b-ab9d-d9ddeaa4b7d8,M26,M.26,0a32306b-5e22-4a0c-aa81-043f730f05ad,2019,177,177.73,533.19
Lady In Red 2019,Lady In Red,11,,PORTION,Lady In Red,Pink Lady,23ee67fb-37d2-442b-ab9d-d9ddeaa4b7d8,M26,M.26,0a32306b-5e22-4a0c-aa81-043f730f05ad,2019,176,176.54,529.62
Lady In Red 2019,Lady In Red,12,,PORTION,Lady In Red,Pink Lady,23ee67fb-37d2-442b-ab9d-d9ddeaa4b7d8,M26,M.26,0a32306b-5e22-4a0c-aa81-043f730f05ad,2019,175,175.36,526.08
Lady In Red 2019,Lady In Red,13,,PORTION,Lady In Red,Pink Lady,23ee67fb-37d2-442b-ab9d-d9ddeaa4b7d8,M26,M.26,0a32306b-5e22-4a0c-aa81-043f730f05ad,2019,174,174.17,522.51
Lady In Red 2019,Lady In Red,14,,PORTION,Lady In Red,Pink Lady,23ee67fb-37d2-442b-ab9d-d9ddeaa4b7d8,M26,M.26,0a32306b-5e22-4a0c-aa81-043f730f05ad,2019,172,172.98,518.94
Lady In Red 2019,Lady In Red,15,,PORTION,Lady In Red,Pink Lady,23ee67fb-37d2-442b-ab9d-d9ddeaa4b7d8,M26,M.26,0a32306b-5e22-4a0c-aa81-043f730f05ad,2019,171,171.79,515.37
Lady In Red 2019,Lady In Red,16,,PORTION,Lady In Red,Pink Lady,23ee67fb-37d2-442b-ab9d-d9ddeaa4b7d8,M26,M.26,0a32306b-5e22-4a0c-aa81-043f730f05ad,2019,170,170.61,511.83
Lady In Red 2019,Lady In Red,17,,PORTION,Lady In Red,Pink Lady,23ee67fb-37d2-442b-ab9d-d9ddeaa4b7d8,M26,M.26,0a32306b-5e22-4a0c-aa81-043f730f05ad,2019,169,169.42,508.26
Lady In Red 2019,Lady In Red,18,,PORTION,Lady In Red,Pink Lady,23ee67fb-37d2-442b-ab9d-d9ddeaa4b7d8,M26,M.26,0a32306b-5e22-4a0c-aa81-043f730f05ad,2019,168,168.23,504.69
Lady In Red 2019,Lady In Red,19,,PORTION,Lady In Red,Pink Lady,23ee67fb-37d2-442b-ab9d-d9ddeaa4b7d8,M26,M.26,0a32306b-5e22-4a0c-aa81-043f730f05ad,2019,167,167.05,501.15
Lady In Red 2019,Lady In Red,20,,PORTION,Lady In Red,Pink Lady,23ee67fb-37d2-442b-ab9d-d9ddeaa4b7d8,M26,M.26,0a32306b-5e22-4a0c-aa81-043f730f05ad,2019,165,165.86,497.58
Lady In Red 2019,Lady In Red,21,,PORTION,Lady In Red,Pink Lady,23ee67fb-37d2-442b-ab9d-d9ddeaa4b7d8,M26,M.26,0a32306b-5e22-4a0c-aa81-043f730f05ad,2019,164,164.67,494.01
Lady In Red 2019,Lady In Red,22,,PORTION,Lady In Red,Pink Lady,23ee67fb-37d2-442b-ab9d-d9ddeaa4b7d8,M26,M.26,0a32306b-5e22-4a0c-aa81-043f730f05ad,2019,163,163.44,490.32
MODI 1,Modi,1,,PORTION,Modi,Modi,03c52970-e138-4ca2-b61e-5c07571f3d68,M26,M.26,0a32306b-5e22-4a0c-aa81-043f730f05ad,2015,145,145,435
MODI 1,Modi,2,,PORTION,Modi,Modi,03c52970-e138-4ca2-b61e-5c07571f3d68,M26,M.26,0a32306b-5e22-4a0c-aa81-043f730f05ad,2015,145,145,435
MODI 1,Modi,3,,PORTION,Modi,Modi,03c52970-e138-4ca2-b61e-5c07571f3d68,M26,M.26,0a32306b-5e22-4a0c-aa81-043f730f05ad,2015,145,145,435
MODI 1,Modi,4,,PORTION,Modi,Modi,03c52970-e138-4ca2-b61e-5c07571f3d68,M26,M.26,0a32306b-5e22-4a0c-aa81-043f730f05ad,2015,145,145,435
MODI 1,Modi,5,,PORTION,Modi,Modi,03c52970-e138-4ca2-b61e-5c07571f3d68,M26,M.26,0a32306b-5e22-4a0c-aa81-043f730f05ad,2015,145,145,435
MODI 1,Modi,6,,PORTION,Modi,Modi,03c52970-e138-4ca2-b61e-5c07571f3d68,M26,M.26,0a32306b-5e22-4a0c-aa81-043f730f05ad,2015,145,145,435
MODI 1,Modi,7,,PORTION,Modi,Modi,03c52970-e138-4ca2-b61e-5c07571f3d68,M26,M.26,0a32306b-5e22-4a0c-aa81-043f730f05ad,2015,145,145,435
MODI 1,Modi,8,,PORTION,Modi,Modi,03c52970-e138-4ca2-b61e-5c07571f3d68,M26,M.26,0a32306b-5e22-4a0c-aa81-043f730f05ad,2015,145,145,435
MODI 1,Modi,9,,PORTION,Modi,Modi,03c52970-e138-4ca2-b61e-5c07571f3d68,M26,M.26,0a32306b-5e22-4a0c-aa81-043f730f05ad,2015,145,145,435
MODI 1,Modi,10,,PORTION,Modi,Modi,03c52970-e138-4ca2-b61e-5c07571f3d68,M26,M.26,0a32306b-5e22-4a0c-aa81-043f730f05ad,2015,145,145,435
MODI 1,Modi,11,,PORTION,Modi,Modi,03c52970-e138-4ca2-b61e-5c07571f3d68,M26,M.26,0a32306b-5e22-4a0c-aa81-043f730f05ad,2015,145,145,435
MODI 1,Modi,12,,PORTION,Modi,Modi,03c52970-e138-4ca2-b61e-5c07571f3d68,M26,M.26,0a32306b-5e22-4a0c-aa81-043f730f05ad,2015,145,145,435
MODI 1,Modi,13,,PORTION,Modi,Modi,03c52970-e138-4ca2-b61e-5c07571f3d68,M26,M.26,0a32306b-5e22-4a0c-aa81-043f730f05ad,2015,145,145,435
MODI 1,Modi,14,,PORTION,Modi,Modi,03c52970-e138-4ca2-b61e-5c07571f3d68,M26,M.26,0a32306b-5e22-4a0c-aa81-043f730f05ad,2015,145,145,435
MODI 1,Modi,15,,PORTION,Modi,Modi,03c52970-e138-4ca2-b61e-5c07571f3d68,M26,M.26,0a32306b-5e22-4a0c-aa81-043f730f05ad,2015,145,145,435
MODI 1,Modi,16,,PORTION,Modi,Modi,03c52970-e138-4ca2-b61e-5c07571f3d68,M26,M.26,0a32306b-5e22-4a0c-aa81-043f730f05ad,2015,145,145,435
MODI 1,Modi,17,,PORTION,Modi,Modi,03c52970-e138-4ca2-b61e-5c07571f3d68,M26,M.26,0a32306b-5e22-4a0c-aa81-043f730f05ad,2015,145,145,435
MODI 1,Modi,18,,PORTION,Modi,Modi,03c52970-e138-4ca2-b61e-5c07571f3d68,M26,M.26,0a32306b-5e22-4a0c-aa81-043f730f05ad,2015,145,145,435
MODI 1,Modi,19,,PORTION,Modi,Modi,03c52970-e138-4ca2-b61e-5c07571f3d68,M26,M.26,0a32306b-5e22-4a0c-aa81-043f730f05ad,2015,145,145,435
MODI 1,Modi,20,,PORTION,Modi,Modi,03c52970-e138-4ca2-b61e-5c07571f3d68,M26,M.26,0a32306b-5e22-4a0c-aa81-043f730f05ad,2015,145,145,435
MODI 1,Modi,21,,PORTION,Modi,Modi,03c52970-e138-4ca2-b61e-5c07571f3d68,M26,M.26,0a32306b-5e22-4a0c-aa81-043f730f05ad,2015,145,145,435
MODI 1,Modi,22,,PORTION,Modi,Modi,03c52970-e138-4ca2-b61e-5c07571f3d68,M26,M.26,0a32306b-5e22-4a0c-aa81-043f730f05ad,2015,145,145,435
MODI 1,Modi,23,,PORTION,Modi,Modi,03c52970-e138-4ca2-b61e-5c07571f3d68,M26,M.26,0a32306b-5e22-4a0c-aa81-043f730f05ad,2015,145,145,435
MODI 1,Modi,24,,PORTION,Modi,Modi,03c52970-e138-4ca2-b61e-5c07571f3d68,M26,M.26,0a32306b-5e22-4a0c-aa81-043f730f05ad,2015,145,145,435
MODI 1,Modi,25,,PORTION,Modi,Modi,03c52970-e138-4ca2-b61e-5c07571f3d68,M26,M.26,0a32306b-5e22-4a0c-aa81-043f730f05ad,2015,45,45,135
MODI 1,Modi,25,,PORTION,Modi,Modi,03c52970-e138-4ca2-b61e-5c07571f3d68,M9,M.9,2ca32828-8084-4f05-82ad-9d90707c4962,2015,100,100,300
MODI 2,Modi,1,,PORTION,Modi,Modi,03c52970-e138-4ca2-b61e-5c07571f3d68,M9,M.9,2ca32828-8084-4f05-82ad-9d90707c4962,2016,130,130.5,391.5
MODI 2,Modi,2,,PORTION,Modi,Modi,03c52970-e138-4ca2-b61e-5c07571f3d68,M9,M.9,2ca32828-8084-4f05-82ad-9d90707c4962,2016,130,130.5,391.5
MODI 2,Modi,3,,PORTION,Modi,Modi,03c52970-e138-4ca2-b61e-5c07571f3d68,M9,M.9,2ca32828-8084-4f05-82ad-9d90707c4962,2016,130,130.5,391.5
MODI 2,Modi,4,,PORTION,Modi,Modi,03c52970-e138-4ca2-b61e-5c07571f3d68,M9,M.9,2ca32828-8084-4f05-82ad-9d90707c4962,2016,130,130.5,391.5
MODI 2,Modi,5,,PORTION,Modi,Modi,03c52970-e138-4ca2-b61e-5c07571f3d68,M9,M.9,2ca32828-8084-4f05-82ad-9d90707c4962,2016,130,130.5,391.5
MODI 2,Modi,6,,PORTION,Modi,Modi,03c52970-e138-4ca2-b61e-5c07571f3d68,M9,M.9,2ca32828-8084-4f05-82ad-9d90707c4962,2016,130,130.5,391.5
MODI 2,Modi,7,,PORTION,Modi,Modi,03c52970-e138-4ca2-b61e-5c07571f3d68,M9,M.9,2ca32828-8084-4f05-82ad-9d90707c4962,2016,130,130.5,391.5
MODI 2,Modi,8,,PORTION,Modi,Modi,03c52970-e138-4ca2-b61e-5c07571f3d68,M9,M.9,2ca32828-8084-4f05-82ad-9d90707c4962,2016,130,130.5,391.5
MODI 2,Modi,9,,PORTION,Modi,Modi,03c52970-e138-4ca2-b61e-5c07571f3d68,M9,M.9,2ca32828-8084-4f05-82ad-9d90707c4962,2016,130,130.5,391.5
MODI 2,Modi,10,,PORTION,Modi,Modi,03c52970-e138-4ca2-b61e-5c07571f3d68,M9,M.9,2ca32828-8084-4f05-82ad-9d90707c4962,2016,130,130.5,391.5
MODI 2,Modi,11,,PORTION,Modi,Modi,03c52970-e138-4ca2-b61e-5c07571f3d68,M9,M.9,2ca32828-8084-4f05-82ad-9d90707c4962,2016,130,130.5,391.5
MODI 2,Modi,12,,PORTION,Modi,Modi,03c52970-e138-4ca2-b61e-5c07571f3d68,M9,M.9,2ca32828-8084-4f05-82ad-9d90707c4962,2016,130,130.5,391.5
MODI 2,Modi,13,,PORTION,Modi,Modi,03c52970-e138-4ca2-b61e-5c07571f3d68,M9,M.9,2ca32828-8084-4f05-82ad-9d90707c4962,2016,130,130.5,391.5
MODI 2,Modi,14,,PORTION,Modi,Modi,03c52970-e138-4ca2-b61e-5c07571f3d68,M9,M.9,2ca32828-8084-4f05-82ad-9d90707c4962,2016,130,130.5,391.5
MODI 2,Modi,15,,PORTION,Modi,Modi,03c52970-e138-4ca2-b61e-5c07571f3d68,M9,M.9,2ca32828-8084-4f05-82ad-9d90707c4962,2016,130,130.5,391.5
MODI 2,Modi,16,,PORTION,Modi,Modi,03c52970-e138-4ca2-b61e-5c07571f3d68,M9,M.9,2ca32828-8084-4f05-82ad-9d90707c4962,2016,130,130.5,391.5
MODI 2,Modi,17,,PORTION,Modi,Modi,03c52970-e138-4ca2-b61e-5c07571f3d68,M9,M.9,2ca32828-8084-4f05-82ad-9d90707c4962,2016,130,130.5,391.5
MODI 2,Modi,18,,PORTION,Modi,Modi,03c52970-e138-4ca2-b61e-5c07571f3d68,M9,M.9,2ca32828-8084-4f05-82ad-9d90707c4962,2016,130,130.5,391.5
MODI 2,Modi,19,,PORTION,Modi,Modi,03c52970-e138-4ca2-b61e-5c07571f3d68,M9,M.9,2ca32828-8084-4f05-82ad-9d90707c4962,2016,130,130.5,391.5
MODI 2,Modi,20,,PORTION,Modi,Modi,03c52970-e138-4ca2-b61e-5c07571f3d68,M9,M.9,2ca32828-8084-4f05-82ad-9d90707c4962,2016,130,130.5,391.5
MODI 2,Modi,21,,PORTION,Modi,Modi,03c52970-e138-4ca2-b61e-5c07571f3d68,M9,M.9,2ca32828-8084-4f05-82ad-9d90707c4962,2016,130,130.5,391.5
MODI 2,Modi,22,,PORTION,Modi,Modi,03c52970-e138-4ca2-b61e-5c07571f3d68,M9,M.9,2ca32828-8084-4f05-82ad-9d90707c4962,2016,130,130.5,391.5
MODI 2,Modi,23,,PORTION,Modi,Modi,03c52970-e138-4ca2-b61e-5c07571f3d68,M9,M.9,2ca32828-8084-4f05-82ad-9d90707c4962,2016,130,130.5,391.5
MODI 2,Modi,24,,PORTION,Modi,Modi,03c52970-e138-4ca2-b61e-5c07571f3d68,M9,M.9,2ca32828-8084-4f05-82ad-9d90707c4962,2016,130,130.5,391.5
MODI 2,Modi,25,,PORTION,Modi,Modi,03c52970-e138-4ca2-b61e-5c07571f3d68,M9,M.9,2ca32828-8084-4f05-82ad-9d90707c4962,2016,130,130.5,391.5
MODI 2,Modi,26,,PORTION,Modi,Modi,03c52970-e138-4ca2-b61e-5c07571f3d68,M9,M.9,2ca32828-8084-4f05-82ad-9d90707c4962,2016,130,130.5,391.5
ROB DWARF PL,Dwarf Pink Lady,1,,PORTION,P/L,Pink Lady,23ee67fb-37d2-442b-ab9d-d9ddeaa4b7d8,109/M26,MM.109/MM.26,9b7e2175-9fb0-4fbc-ad28-1b1bac3d7cc0,2004,86,147,661.5
ROB DWARF PL,Dwarf Pink Lady,2,,PORTION,P/L,Pink Lady,23ee67fb-37d2-442b-ab9d-d9ddeaa4b7d8,109/M26,MM.109/MM.26,9b7e2175-9fb0-4fbc-ad28-1b1bac3d7cc0,2004,86,147,661.5
ROB DWARF PL,Dwarf Pink Lady,3,,PORTION,P/L,Pink Lady,23ee67fb-37d2-442b-ab9d-d9ddeaa4b7d8,109/M26,MM.109/MM.26,9b7e2175-9fb0-4fbc-ad28-1b1bac3d7cc0,2004,86,147,661.5
ROB DWARF PL,Dwarf Pink Lady,4,,PORTION,P/L,Pink Lady,23ee67fb-37d2-442b-ab9d-d9ddeaa4b7d8,109/M26,MM.109/MM.26,9b7e2175-9fb0-4fbc-ad28-1b1bac3d7cc0,2004,86,147,661.5
ROB DWARF PL,Dwarf Pink Lady,5,,PORTION,P/L,Pink Lady,23ee67fb-37d2-442b-ab9d-d9ddeaa4b7d8,109/M26,MM.109/MM.26,9b7e2175-9fb0-4fbc-ad28-1b1bac3d7cc0,2004,86,147,661.5
ROB DWARF PL,Dwarf Pink Lady,6,,PORTION,P/L,Pink Lady,23ee67fb-37d2-442b-ab9d-d9ddeaa4b7d8,109/M26,MM.109/MM.26,9b7e2175-9fb0-4fbc-ad28-1b1bac3d7cc0,2004,86,147,661.5
ROB DWARF PL,Dwarf Pink Lady,7,,PORTION,P/L,Pink Lady,23ee67fb-37d2-442b-ab9d-d9ddeaa4b7d8,109/M26,MM.109/MM.26,9b7e2175-9fb0-4fbc-ad28-1b1bac3d7cc0,2004,86,147,661.5
ROB DWARF PL,Dwarf Pink Lady,8,,PORTION,P/L,Pink Lady,23ee67fb-37d2-442b-ab9d-d9ddeaa4b7d8,109/M26,MM.109/MM.26,9b7e2175-9fb0-4fbc-ad28-1b1bac3d7cc0,2004,86,147,661.5
ROB DWARF PL,Dwarf Pink Lady,9,,PORTION,P/L,Pink Lady,23ee67fb-37d2-442b-ab9d-d9ddeaa4b7d8,109/M26,MM.109/MM.26,9b7e2175-9fb0-4fbc-ad28-1b1bac3d7cc0,2004,86,147,661.5
ROB DWARF PL,Dwarf Pink Lady,10,,PORTION,P/L,Pink Lady,23ee67fb-37d2-442b-ab9d-d9ddeaa4b7d8,109/M26,MM.109/MM.26,9b7e2175-9fb0-4fbc-ad28-1b1bac3d7cc0,2004,86,147,661.5
ROB DWARF PL,Dwarf Pink Lady,11,,PORTION,P/L,Pink Lady,23ee67fb-37d2-442b-ab9d-d9ddeaa4b7d8,109/M26,MM.109/MM.26,9b7e2175-9fb0-4fbc-ad28-1b1bac3d7cc0,2004,86,147,661.5
ROB DWARF PL,Dwarf Pink Lady,12,,PORTION,P/L,Pink Lady,23ee67fb-37d2-442b-ab9d-d9ddeaa4b7d8,109/M26,MM.109/MM.26,9b7e2175-9fb0-4fbc-ad28-1b1bac3d7cc0,2004,86,147,661.5
ROB DWARF PL,Dwarf Pink Lady,13,,PORTION,P/L,Pink Lady,23ee67fb-37d2-442b-ab9d-d9ddeaa4b7d8,109/M26,MM.109/MM.26,9b7e2175-9fb0-4fbc-ad28-1b1bac3d7cc0,2004,87,147,661.5
ROB DWARF PL,Dwarf Pink Lady,14,,PORTION,P/L,Pink Lady,23ee67fb-37d2-442b-ab9d-d9ddeaa4b7d8,109/M26,MM.109/MM.26,9b7e2175-9fb0-4fbc-ad28-1b1bac3d7cc0,2004,87,147,661.5
ROB DWARF PL,Dwarf Pink Lady,15,,PORTION,P/L,Pink Lady,23ee67fb-37d2-442b-ab9d-d9ddeaa4b7d8,109/M26,MM.109/MM.26,9b7e2175-9fb0-4fbc-ad28-1b1bac3d7cc0,2004,87,147,661.5
ROB DWARF PL,Dwarf Pink Lady,16,,PORTION,P/L,Pink Lady,23ee67fb-37d2-442b-ab9d-d9ddeaa4b7d8,109/M26,MM.109/MM.26,9b7e2175-9fb0-4fbc-ad28-1b1bac3d7cc0,2004,87,147,661.5
ROB DWARF PL,Dwarf Pink Lady,17,,PORTION,P/L,Pink Lady,23ee67fb-37d2-442b-ab9d-d9ddeaa4b7d8,109/M26,MM.109/MM.26,9b7e2175-9fb0-4fbc-ad28-1b1bac3d7cc0,2004,87,147,661.5
ROB DWARF PL,Dwarf Pink Lady,18,,PORTION,P/L,Pink Lady,23ee67fb-37d2-442b-ab9d-d9ddeaa4b7d8,109/M26,MM.109/MM.26,9b7e2175-9fb0-4fbc-ad28-1b1bac3d7cc0,2004,87,147,661.5
ROB DWARF PL,Dwarf Pink Lady,19,,PORTION,P/L,Pink Lady,23ee67fb-37d2-442b-ab9d-d9ddeaa4b7d8,109/M26,MM.109/MM.26,9b7e2175-9fb0-4fbc-ad28-1b1bac3d7cc0,2004,87,147,661.5
ROB DWARF PL,Dwarf Pink Lady,20,,PORTION,P/L,Pink Lady,23ee67fb-37d2-442b-ab9d-d9ddeaa4b7d8,109/M26,MM.109/MM.26,9b7e2175-9fb0-4fbc-ad28-1b1bac3d7cc0,2004,87,147,661.5
ROB DWARF PL,Dwarf Pink Lady,21,,PORTION,P/L,Pink Lady,23ee67fb-37d2-442b-ab9d-d9ddeaa4b7d8,109/M26,MM.109/MM.26,9b7e2175-9fb0-4fbc-ad28-1b1bac3d7cc0,2004,87,147,661.5
ROB DWARF PL,Dwarf Pink Lady,22,,PORTION,P/L,Pink Lady,23ee67fb-37d2-442b-ab9d-d9ddeaa4b7d8,109/M26,MM.109/MM.26,9b7e2175-9fb0-4fbc-ad28-1b1bac3d7cc0,2004,87,147,661.5
ROB DWARF PL,Dwarf Pink Lady,23,,PORTION,P/L,Pink Lady,23ee67fb-37d2-442b-ab9d-d9ddeaa4b7d8,109/M26,MM.109/MM.26,9b7e2175-9fb0-4fbc-ad28-1b1bac3d7cc0,2004,87,147,661.5
ROB DWARF PL,Dwarf Pink Lady,24,,PORTION,P/L,Pink Lady,23ee67fb-37d2-442b-ab9d-d9ddeaa4b7d8,109/M26,MM.109/MM.26,9b7e2175-9fb0-4fbc-ad28-1b1bac3d7cc0,2004,87,147,661.5
ROB DWARF PL,Dwarf Pink Lady,25,,PORTION,P/L,Pink Lady,23ee67fb-37d2-442b-ab9d-d9ddeaa4b7d8,109/M26,MM.109/MM.26,9b7e2175-9fb0-4fbc-ad28-1b1bac3d7cc0,2004,87,147,661.5
ROB DWARF PL,Dwarf Pink Lady,26,,PORTION,P/L,Pink Lady,23ee67fb-37d2-442b-ab9d-d9ddeaa4b7d8,109/M26,MM.109/MM.26,9b7e2175-9fb0-4fbc-ad28-1b1bac3d7cc0,2004,87,147,661.5
ROB DWARF PL,Dwarf Pink Lady,27,,PORTION,P/L,Pink Lady,23ee67fb-37d2-442b-ab9d-d9ddeaa4b7d8,109/M26,MM.109/MM.26,9b7e2175-9fb0-4fbc-ad28-1b1bac3d7cc0,2004,87,147,661.5
ROB DWARF PL,Dwarf Pink Lady,28,,PORTION,P/L,Pink Lady,23ee67fb-37d2-442b-ab9d-d9ddeaa4b7d8,109/M26,MM.109/MM.26,9b7e2175-9fb0-4fbc-ad28-1b1bac3d7cc0,2004,87,147,661.5
ROB DWARF PL,Dwarf Pink Lady,29,,PORTION,P/L,Pink Lady,23ee67fb-37d2-442b-ab9d-d9ddeaa4b7d8,109/M26,MM.109/MM.26,9b7e2175-9fb0-4fbc-ad28-1b1bac3d7cc0,2004,87,147,661.5
ROB DWARF PL,Dwarf Pink Lady,30,,PORTION,P/L,Pink Lady,23ee67fb-37d2-442b-ab9d-d9ddeaa4b7d8,109/M26,MM.109/MM.26,9b7e2175-9fb0-4fbc-ad28-1b1bac3d7cc0,2004,87,147,661.5
ROB DWARF PL,Dwarf Pink Lady,31,,PORTION,P/L,Pink Lady,23ee67fb-37d2-442b-ab9d-d9ddeaa4b7d8,109/M26,MM.109/MM.26,9b7e2175-9fb0-4fbc-ad28-1b1bac3d7cc0,2004,87,147,661.5
ROB DWARF PL,Dwarf Pink Lady,32,,PORTION,P/L,Pink Lady,23ee67fb-37d2-442b-ab9d-d9ddeaa4b7d8,109/M26,MM.109/MM.26,9b7e2175-9fb0-4fbc-ad28-1b1bac3d7cc0,2004,83,142.7,642.15
ROB DWARF PL,Dwarf Pink Lady,33,,PORTION,P/L,Pink Lady,23ee67fb-37d2-442b-ab9d-d9ddeaa4b7d8,109/M26,MM.109/MM.26,9b7e2175-9fb0-4fbc-ad28-1b1bac3d7cc0,2004,69,129.2,581.4
ROB DWARF PL,Dwarf Pink Lady,34,,PORTION,P/L,Pink Lady,23ee67fb-37d2-442b-ab9d-d9ddeaa4b7d8,109/M26,MM.109/MM.26,9b7e2175-9fb0-4fbc-ad28-1b1bac3d7cc0,2004,51,109.2,491.4
ROB DWARF PL,Dwarf Pink Lady,35,,PORTION,P/L,Pink Lady,23ee67fb-37d2-442b-ab9d-d9ddeaa4b7d8,109/M26,MM.109/MM.26,9b7e2175-9fb0-4fbc-ad28-1b1bac3d7cc0,2004,41,84,378
ROB DWARF PL,Dwarf Pink Lady,36,,PORTION,P/L,Pink Lady,23ee67fb-37d2-442b-ab9d-d9ddeaa4b7d8,109/M26,MM.109/MM.26,9b7e2175-9fb0-4fbc-ad28-1b1bac3d7cc0,2004,29,49.3,221.85
ROB DWARF PL,Dwarf Pink Lady,37,,PORTION,P/L,Pink Lady,23ee67fb-37d2-442b-ab9d-d9ddeaa4b7d8,109/M26,MM.109/MM.26,9b7e2175-9fb0-4fbc-ad28-1b1bac3d7cc0,2004,16,27,121.5
S/Shed,Spray Shed Gala,1,,PORTION,Gala,Royal Gala,e54d8970-cb51-4768-8395-f2c4eeabb057,104,MM.104,aaad9070-e35e-41e4-aa2d-5955c6db065a,2017,338,175.76,878.8
S/Shed,Spray Shed Gala,2,,PORTION,Gala,Royal Gala,e54d8970-cb51-4768-8395-f2c4eeabb057,104,MM.104,aaad9070-e35e-41e4-aa2d-5955c6db065a,2017,330,171.6,858
S/Shed,Spray Shed Gala,2,,PORTION,P/L,Pink Lady,23ee67fb-37d2-442b-ab9d-d9ddeaa4b7d8,109,MM.109,cff3de27-0bde-4a1d-879c-6ccc107111e3,1997,9,18,90
S/Shed,Spray Shed Pink Lady,3,,PORTION,P/L,Pink Lady,23ee67fb-37d2-442b-ab9d-d9ddeaa4b7d8,109,MM.109,cff3de27-0bde-4a1d-879c-6ccc107111e3,1990,74,184.26,921.3
S/Shed,Spray Shed Pink Lady,3,,PORTION,P/L,Pink Lady,23ee67fb-37d2-442b-ab9d-d9ddeaa4b7d8,109,MM.109,cff3de27-0bde-4a1d-879c-6ccc107111e3,1997,12,24,120
S/Shed,Spray Shed Pink Lady,4,,PORTION,P/L,Pink Lady,23ee67fb-37d2-442b-ab9d-d9ddeaa4b7d8,109,MM.109,cff3de27-0bde-4a1d-879c-6ccc107111e3,1990,71,176.79,883.95
S/Shed,Spray Shed Pink Lady,4,,PORTION,P/L,Pink Lady,23ee67fb-37d2-442b-ab9d-d9ddeaa4b7d8,109,MM.109,cff3de27-0bde-4a1d-879c-6ccc107111e3,1997,22,44,220
S/Shed,Spray Shed Sundowner,5,,PORTION,S/D,Sundowner,7a29a55f-0e93-4bc7-8c24-777829d31236,109,MM.109,cff3de27-0bde-4a1d-879c-6ccc107111e3,1990,86,172,860
S/Shed,Spray Shed Sundowner,5,,PORTION,P/L,Pink Lady,23ee67fb-37d2-442b-ab9d-d9ddeaa4b7d8,109,MM.109,cff3de27-0bde-4a1d-879c-6ccc107111e3,1997,22,44,220
S/Shed,Spray Shed Sundowner,6,,PORTION,S/D,Sundowner,7a29a55f-0e93-4bc7-8c24-777829d31236,109,MM.109,cff3de27-0bde-4a1d-879c-6ccc107111e3,1990,84,168,840
S/Shed,Spray Shed Sundowner,6,,PORTION,P/L,Pink Lady,23ee67fb-37d2-442b-ab9d-d9ddeaa4b7d8,109,MM.109,cff3de27-0bde-4a1d-879c-6ccc107111e3,1997,23,46,230
S/Shed,Spray Shed Pink Lady,7,,PORTION,06 P/L,Pink Lady,23ee67fb-37d2-442b-ab9d-d9ddeaa4b7d8,106,MM.106,070af645-e78b-4e4a-923c-6d2f8b16d174,2006,104,215,1075
S/Shed,Spray Shed Pink Lady,8,,PORTION,06 P/L,Pink Lady,23ee67fb-37d2-442b-ab9d-d9ddeaa4b7d8,106,MM.106,070af645-e78b-4e4a-923c-6d2f8b16d174,2006,102,215,1075
S/Shed,Spray Shed Pink Lady,9,,PORTION,P/L,Pink Lady,23ee67fb-37d2-442b-ab9d-d9ddeaa4b7d8,109,MM.109,cff3de27-0bde-4a1d-879c-6ccc107111e3,1990,65,161.85,809.25
S/Shed,Spray Shed Pink Lady,9,,PORTION,P/L,Pink Lady,23ee67fb-37d2-442b-ab9d-d9ddeaa4b7d8,109,MM.109,cff3de27-0bde-4a1d-879c-6ccc107111e3,1997,22,44,220
S/Shed,Spray Shed Pink Lady,10,,PORTION,P/L,Pink Lady,23ee67fb-37d2-442b-ab9d-d9ddeaa4b7d8,109,MM.109,cff3de27-0bde-4a1d-879c-6ccc107111e3,1990,70,174.3,871.5
S/Shed,Spray Shed Pink Lady,10,,PORTION,P/L,Pink Lady,23ee67fb-37d2-442b-ab9d-d9ddeaa4b7d8,109,MM.109,cff3de27-0bde-4a1d-879c-6ccc107111e3,1997,22,44,220
S/Shed,Spray Shed Sundowner,11,,PORTION,S/D,Sundowner,7a29a55f-0e93-4bc7-8c24-777829d31236,109,MM.109,cff3de27-0bde-4a1d-879c-6ccc107111e3,1990,87,174,870
S/Shed,Spray Shed Sundowner,11,,PORTION,P/L,Pink Lady,23ee67fb-37d2-442b-ab9d-d9ddeaa4b7d8,109,MM.109,cff3de27-0bde-4a1d-879c-6ccc107111e3,1997,22,44,220
S/Shed,Spray Shed Sundowner,12,,PORTION,S/D,Sundowner,7a29a55f-0e93-4bc7-8c24-777829d31236,109,MM.109,cff3de27-0bde-4a1d-879c-6ccc107111e3,1990,83,166,830
S/Shed,Spray Shed Sundowner,12,,PORTION,P/L,Pink Lady,23ee67fb-37d2-442b-ab9d-d9ddeaa4b7d8,109,MM.109,cff3de27-0bde-4a1d-879c-6ccc107111e3,1997,22,44,220
S/Shed,Spray Shed Pink Lady,13,,PORTION,P/L,Pink Lady,23ee67fb-37d2-442b-ab9d-d9ddeaa4b7d8,109,MM.109,cff3de27-0bde-4a1d-879c-6ccc107111e3,1990,60,149.4,747
S/Shed,Spray Shed Pink Lady,13,,PORTION,P/L,Pink Lady,23ee67fb-37d2-442b-ab9d-d9ddeaa4b7d8,109,MM.109,cff3de27-0bde-4a1d-879c-6ccc107111e3,1997,22,44,220
S/Shed,Spray Shed Pink Lady,14,,PORTION,P/L,Pink Lady,23ee67fb-37d2-442b-ab9d-d9ddeaa4b7d8,109,MM.109,cff3de27-0bde-4a1d-879c-6ccc107111e3,1990,66,164.34,821.7
S/Shed,Spray Shed Sundowner,15,,PORTION,S/D,Sundowner,7a29a55f-0e93-4bc7-8c24-777829d31236,109,MM.109,cff3de27-0bde-4a1d-879c-6ccc107111e3,1990,81,162,810
S/Shed,Spray Shed Sundowner,16,,PORTION,S/D,Sundowner,7a29a55f-0e93-4bc7-8c24-777829d31236,109,MM.109,cff3de27-0bde-4a1d-879c-6ccc107111e3,1990,83,166,830
S/Shed,Spray Shed Pink Lady,17,,PORTION,P/L,Pink Lady,23ee67fb-37d2-442b-ab9d-d9ddeaa4b7d8,109,MM.109,cff3de27-0bde-4a1d-879c-6ccc107111e3,1990,66,164.34,821.7
S/Shed,Spray Shed Pink Lady,18,,PORTION,P/L,Pink Lady,23ee67fb-37d2-442b-ab9d-d9ddeaa4b7d8,109,MM.109,cff3de27-0bde-4a1d-879c-6ccc107111e3,1990,66,164.34,821.7
S/Shed,Spray Shed Sundowner,19,,PORTION,S/D,Sundowner,7a29a55f-0e93-4bc7-8c24-777829d31236,109,MM.109,cff3de27-0bde-4a1d-879c-6ccc107111e3,1990,83,166,830
S/Shed,Spray Shed Sundowner,20,,PORTION,S/D,Sundowner,7a29a55f-0e93-4bc7-8c24-777829d31236,109,MM.109,cff3de27-0bde-4a1d-879c-6ccc107111e3,1990,63,126,630
S/Shed,Spray Shed Pink Lady,21,,PORTION,06 P/L,Pink Lady,23ee67fb-37d2-442b-ab9d-d9ddeaa4b7d8,106,MM.106,070af645-e78b-4e4a-923c-6d2f8b16d174,2006,39,80,400
S/Shed,Spray Shed Pink Lady,22,,PORTION,P/L,Pink Lady,23ee67fb-37d2-442b-ab9d-d9ddeaa4b7d8,109,MM.109,cff3de27-0bde-4a1d-879c-6ccc107111e3,1990,16,39.84,199.2
S/Shed,Spray Shed Pink Lady,23,,PORTION,P/L,Pink Lady,23ee67fb-37d2-442b-ab9d-d9ddeaa4b7d8,109,MM.109,cff3de27-0bde-4a1d-879c-6ccc107111e3,1990,11,27.39,136.95
STK- Pink Belle,Pink Belle,1,,PORTION,P/L,Pink Lady,23ee67fb-37d2-442b-ab9d-d9ddeaa4b7d8,109/spur P/L,MM.109/SpurPL,7205a485-b1c6-42fe-ba7a-d6736cfddab9,2011,123,145,536.5
STK- Pink Belle,Pink Belle,2,,PORTION,P/L,Pink Lady,23ee67fb-37d2-442b-ab9d-d9ddeaa4b7d8,109/spur P/L,MM.109/SpurPL,7205a485-b1c6-42fe-ba7a-d6736cfddab9,2011,135,147,543.9
STK- Pink Belle,Pink Belle,3,,PORTION,P/L,Pink Lady,23ee67fb-37d2-442b-ab9d-d9ddeaa4b7d8,109/spur P/L,MM.109/SpurPL,7205a485-b1c6-42fe-ba7a-d6736cfddab9,2011,146,152,562.4
STK- Pink Belle,Pink Belle,4,,PORTION,P/L,Pink Lady,23ee67fb-37d2-442b-ab9d-d9ddeaa4b7d8,109/spur P/L,MM.109/SpurPL,7205a485-b1c6-42fe-ba7a-d6736cfddab9,2011,146,158,584.6
STK- Pink Belle,Pink Belle,5,,PORTION,P/L,Pink Lady,23ee67fb-37d2-442b-ab9d-d9ddeaa4b7d8,109/spur P/L,MM.109/SpurPL,7205a485-b1c6-42fe-ba7a-d6736cfddab9,2011,147,160,592
STK- Pink Belle,Pink Belle,6,,PORTION,P/L,Pink Lady,23ee67fb-37d2-442b-ab9d-d9ddeaa4b7d8,109/spur P/L,MM.109/SpurPL,7205a485-b1c6-42fe-ba7a-d6736cfddab9,2011,149,163,603.1
STK- Pink Belle,Pink Belle,7,,PORTION,P/L,Pink Lady,23ee67fb-37d2-442b-ab9d-d9ddeaa4b7d8,109/spur P/L,MM.109/SpurPL,7205a485-b1c6-42fe-ba7a-d6736cfddab9,2011,152,165,610.5
STK- Pink Belle,Pink Belle,8,,PORTION,P/L,Pink Lady,23ee67fb-37d2-442b-ab9d-d9ddeaa4b7d8,109/spur P/L,MM.109/SpurPL,7205a485-b1c6-42fe-ba7a-d6736cfddab9,2011,149,164,606.8
Smll/Dam,Spray Shed Gala,1,,PORTION,Gala,Royal Gala,e54d8970-cb51-4768-8395-f2c4eeabb057,104,MM.104,aaad9070-e35e-41e4-aa2d-5955c6db065a,2017,216,110.16,550.8
Smll/Dam,Spray Shed Gala,2,,PORTION,Gala,Royal Gala,e54d8970-cb51-4768-8395-f2c4eeabb057,104,MM.104,aaad9070-e35e-41e4-aa2d-5955c6db065a,2017,190,100.7,503.5
Smll/Dam,Spray Shed Gala,2,,PORTION,P/L,Pink Lady,23ee67fb-37d2-442b-ab9d-d9ddeaa4b7d8,109,MM.109,cff3de27-0bde-4a1d-879c-6ccc107111e3,1990,8,23.2,116
Smll/Dam,Spray Shed Pink Lady,3,,PORTION,P/L,Pink Lady,23ee67fb-37d2-442b-ab9d-d9ddeaa4b7d8,109,MM.109,cff3de27-0bde-4a1d-879c-6ccc107111e3,1990,53,132,660
Smll/Dam,Spray Shed Pink Lady,4,,PORTION,P/L,Pink Lady,23ee67fb-37d2-442b-ab9d-d9ddeaa4b7d8,109,MM.109,cff3de27-0bde-4a1d-879c-6ccc107111e3,1990,53,132,660
Smll/Dam,Spray Shed Sundowner,5,,PORTION,S/D,Sundowner,7a29a55f-0e93-4bc7-8c24-777829d31236,109,MM.109,cff3de27-0bde-4a1d-879c-6ccc107111e3,1990,66,132,660
Smll/Dam,Spray Shed Sundowner,6,,PORTION,S/D,Sundowner,7a29a55f-0e93-4bc7-8c24-777829d31236,109,MM.109,cff3de27-0bde-4a1d-879c-6ccc107111e3,1990,66,132,660
Smll/Dam,Spray Shed Pink Lady,7,,PORTION,06 P/L,Pink Lady,23ee67fb-37d2-442b-ab9d-d9ddeaa4b7d8,106,MM.106,070af645-e78b-4e4a-923c-6d2f8b16d174,2006,58,132,660
Smll/Dam,Spray Shed Pink Lady,8,,PORTION,06 P/L,Pink Lady,23ee67fb-37d2-442b-ab9d-d9ddeaa4b7d8,106,MM.106,070af645-e78b-4e4a-923c-6d2f8b16d174,2006,60,132,660
Smll/Dam,Spray Shed Pink Lady,9,,PORTION,P/L,Pink Lady,23ee67fb-37d2-442b-ab9d-d9ddeaa4b7d8,109,MM.109,cff3de27-0bde-4a1d-879c-6ccc107111e3,1990,53,132,660
Smll/Dam,Spray Shed Pink Lady,10,,PORTION,P/L,Pink Lady,23ee67fb-37d2-442b-ab9d-d9ddeaa4b7d8,109,MM.109,cff3de27-0bde-4a1d-879c-6ccc107111e3,1990,53,132,660
Smll/Dam,Spray Shed Sundowner,11,,PORTION,S/D,Sundowner,7a29a55f-0e93-4bc7-8c24-777829d31236,109,MM.109,cff3de27-0bde-4a1d-879c-6ccc107111e3,1990,66,133,665
Smll/Dam,Spray Shed Sundowner,12,,PORTION,S/D,Sundowner,7a29a55f-0e93-4bc7-8c24-777829d31236,109,MM.109,cff3de27-0bde-4a1d-879c-6ccc107111e3,1990,66,132,660
Smll/Dam,Spray Shed Pink Lady,13,,PORTION,P/L,Pink Lady,23ee67fb-37d2-442b-ab9d-d9ddeaa4b7d8,109,MM.109,cff3de27-0bde-4a1d-879c-6ccc107111e3,1990,53,132,660
Smll/Dam,Spray Shed Pink Lady,14,,PORTION,P/L,Pink Lady,23ee67fb-37d2-442b-ab9d-d9ddeaa4b7d8,109,MM.109,cff3de27-0bde-4a1d-879c-6ccc107111e3,1990,53,132,660
Smll/Dam,Spray Shed Sundowner,15,,PORTION,S/D,Sundowner,7a29a55f-0e93-4bc7-8c24-777829d31236,109,MM.109,cff3de27-0bde-4a1d-879c-6ccc107111e3,1990,66,132,660
Smll/Dam,Spray Shed Sundowner,16,,PORTION,S/D,Sundowner,7a29a55f-0e93-4bc7-8c24-777829d31236,109,MM.109,cff3de27-0bde-4a1d-879c-6ccc107111e3,1990,66,132,660
Smll/Dam,Spray Shed Pink Lady,17,,PORTION,P/L,Pink Lady,23ee67fb-37d2-442b-ab9d-d9ddeaa4b7d8,109,MM.109,cff3de27-0bde-4a1d-879c-6ccc107111e3,1990,53,132,660
Smll/Dam,Spray Shed Pink Lady,18,,PORTION,P/L,Pink Lady,23ee67fb-37d2-442b-ab9d-d9ddeaa4b7d8,109,MM.109,cff3de27-0bde-4a1d-879c-6ccc107111e3,1990,53,132,660
Smll/Dam,Spray Shed Sundowner,19,,PORTION,S/D,Sundowner,7a29a55f-0e93-4bc7-8c24-777829d31236,109,MM.109,cff3de27-0bde-4a1d-879c-6ccc107111e3,1990,66,132,660
Smll/Dam,Spray Shed Sundowner,20,,PORTION,S/D,Sundowner,7a29a55f-0e93-4bc7-8c24-777829d31236,109,MM.109,cff3de27-0bde-4a1d-879c-6ccc107111e3,1990,66,132,660
Smll/Dam,Spray Shed Pink Lady,21,,PORTION,06 P/L,Pink Lady,23ee67fb-37d2-442b-ab9d-d9ddeaa4b7d8,106,MM.106,070af645-e78b-4e4a-923c-6d2f8b16d174,2006,63,132,660
Smll/Dam,Spray Shed Pink Lady,22,,PORTION,06 P/L,Pink Lady,23ee67fb-37d2-442b-ab9d-d9ddeaa4b7d8,106,MM.106,070af645-e78b-4e4a-923c-6d2f8b16d174,2006,61,132,660
Smll/Dam,Spray Shed Pink Lady,23,,PORTION,P/L,Pink Lady,23ee67fb-37d2-442b-ab9d-d9ddeaa4b7d8,109,MM.109,cff3de27-0bde-4a1d-879c-6ccc107111e3,1990,53,132,660
Smll/Dam,Spray Shed Pink Lady,24,,PORTION,P/L,Pink Lady,23ee67fb-37d2-442b-ab9d-d9ddeaa4b7d8,109,MM.109,cff3de27-0bde-4a1d-879c-6ccc107111e3,1990,30,75,375
Smll/Dam,Spray Shed Pink Lady,24,,PORTION,S/D,Sundowner,7a29a55f-0e93-4bc7-8c24-777829d31236,109,MM.109,cff3de27-0bde-4a1d-879c-6ccc107111e3,1990,28,56,280
Smll/Dam,Spray Shed Sundowner,25,,PORTION,S/D,Sundowner,7a29a55f-0e93-4bc7-8c24-777829d31236,109,MM.109,cff3de27-0bde-4a1d-879c-6ccc107111e3,1990,64,129,645
Smll/Dam,Spray Shed Sundowner,26,,PORTION,S/D,Sundowner,7a29a55f-0e93-4bc7-8c24-777829d31236,109,MM.109,cff3de27-0bde-4a1d-879c-6ccc107111e3,1990,65,130,650
Smll/Dam,Spray Shed Pink Lady,27,,PORTION,P/L,Pink Lady,23ee67fb-37d2-442b-ab9d-d9ddeaa4b7d8,109,MM.109,cff3de27-0bde-4a1d-879c-6ccc107111e3,1990,38,95,475
Smll/Dam,Spray Shed Pink Lady,28,,PORTION,P/L,Pink Lady,23ee67fb-37d2-442b-ab9d-d9ddeaa4b7d8,109,MM.109,cff3de27-0bde-4a1d-879c-6ccc107111e3,1990,39,98,490
Smll/Dam,Spray Shed Pink Lady,29,,PORTION,P/L,Pink Lady,23ee67fb-37d2-442b-ab9d-d9ddeaa4b7d8,109,MM.109,cff3de27-0bde-4a1d-879c-6ccc107111e3,1990,26,65,325
Smll/Dam,Spray Shed Pink Lady,30,,PORTION,P/L,Pink Lady,23ee67fb-37d2-442b-ab9d-d9ddeaa4b7d8,109,MM.109,cff3de27-0bde-4a1d-879c-6ccc107111e3,1990,16,40,200
Stk Yd GS,Stockyard Granny Smiths,23,,PORTION,Granny Smith,Granny Smith,c12ba571-815f-4c41-afae-57d07475c392,M9,M.9,2ca32828-8084-4f05-82ad-9d90707c4962,2023,219,219,657
Stk Yd GS,Stockyard Granny Smiths,24,,PORTION,Granny Smith,Granny Smith,c12ba571-815f-4c41-afae-57d07475c392,M9,M.9,2ca32828-8084-4f05-82ad-9d90707c4962,2023,219,219,657
Stk Yd GS,Stockyard Granny Smiths,25,,PORTION,Granny Smith,Granny Smith,c12ba571-815f-4c41-afae-57d07475c392,M9,M.9,2ca32828-8084-4f05-82ad-9d90707c4962,2023,217,217,651
Stk Yd GS,Stockyard Granny Smiths,26,,PORTION,Granny Smith,Granny Smith,c12ba571-815f-4c41-afae-57d07475c392,M9,M.9,2ca32828-8084-4f05-82ad-9d90707c4962,2023,215,215,645
Stk Yd GS,Stockyard Granny Smiths,27,,PORTION,Granny Smith,Granny Smith,c12ba571-815f-4c41-afae-57d07475c392,M9,M.9,2ca32828-8084-4f05-82ad-9d90707c4962,2023,214,214,642
Stk Yd GS,Stockyard Granny Smiths,28,,PORTION,Granny Smith,Granny Smith,c12ba571-815f-4c41-afae-57d07475c392,M9,M.9,2ca32828-8084-4f05-82ad-9d90707c4962,2023,213,213,639
Stk Yd GS,Stockyard Granny Smiths,29,,PORTION,Granny Smith,Granny Smith,c12ba571-815f-4c41-afae-57d07475c392,M9,M.9,2ca32828-8084-4f05-82ad-9d90707c4962,2023,213,213,639
Stk Yd GS,Stockyard Granny Smiths,30,,PORTION,Granny Smith,Granny Smith,c12ba571-815f-4c41-afae-57d07475c392,M9,M.9,2ca32828-8084-4f05-82ad-9d90707c4962,2023,213,213,639
Stk Yd GS,Stockyard Granny Smiths,31,,PORTION,Granny Smith,Granny Smith,c12ba571-815f-4c41-afae-57d07475c392,M9,M.9,2ca32828-8084-4f05-82ad-9d90707c4962,2023,210,210,630
Stk Yd GS,Stockyard Granny Smiths,32,,PORTION,Granny Smith,Granny Smith,c12ba571-815f-4c41-afae-57d07475c392,M9,M.9,2ca32828-8084-4f05-82ad-9d90707c4962,2023,208,208,624
Stk Yd GS,Stockyard Granny Smiths,33,,PORTION,Granny Smith,Granny Smith,c12ba571-815f-4c41-afae-57d07475c392,M9,M.9,2ca32828-8084-4f05-82ad-9d90707c4962,2023,206,206,618
Stk Yd GS,Stockyard Granny Smiths,34,,PORTION,Granny Smith,Granny Smith,c12ba571-815f-4c41-afae-57d07475c392,M9,M.9,2ca32828-8084-4f05-82ad-9d90707c4962,2023,204,204,612
Stk Yd GS,Stockyard Granny Smiths,35,,PORTION,Granny Smith,Granny Smith,c12ba571-815f-4c41-afae-57d07475c392,M26,M.26,0a32306b-5e22-4a0c-aa81-043f730f05ad,2023,200,200,600
Stk Yd LIR,Stockyard Pink Lady,1,,PORTION,Lady In Red,Pink Lady,23ee67fb-37d2-442b-ab9d-d9ddeaa4b7d8,M26,M.26,0a32306b-5e22-4a0c-aa81-043f730f05ad,2022,134,134,402
Stk Yd LIR,Stockyard Pink Lady,2,,PORTION,Lady In Red,Pink Lady,23ee67fb-37d2-442b-ab9d-d9ddeaa4b7d8,M26,M.26,0a32306b-5e22-4a0c-aa81-043f730f05ad,2022,136,136,408
Stk Yd LIR,Stockyard Pink Lady,3,,PORTION,Lady In Red,Pink Lady,23ee67fb-37d2-442b-ab9d-d9ddeaa4b7d8,M26,M.26,0a32306b-5e22-4a0c-aa81-043f730f05ad,2022,141,141,423
Stk Yd LIR,Stockyard Pink Lady,4,,PORTION,Lady In Red,Pink Lady,23ee67fb-37d2-442b-ab9d-d9ddeaa4b7d8,M26,M.26,0a32306b-5e22-4a0c-aa81-043f730f05ad,2022,145,145,435
Stk Yd LIR,Stockyard Pink Lady,5,,PORTION,Lady In Red,Pink Lady,23ee67fb-37d2-442b-ab9d-d9ddeaa4b7d8,M26,M.26,0a32306b-5e22-4a0c-aa81-043f730f05ad,2022,149,149,447
Stk Yd LIR,Stockyard Pink Lady,6,,PORTION,Lady In Red,Pink Lady,23ee67fb-37d2-442b-ab9d-d9ddeaa4b7d8,M26,M.26,0a32306b-5e22-4a0c-aa81-043f730f05ad,2022,153,153,459
Stk Yd LIR,Stockyard Pink Lady,7,,PORTION,Lady In Red,Pink Lady,23ee67fb-37d2-442b-ab9d-d9ddeaa4b7d8,M26,M.26,0a32306b-5e22-4a0c-aa81-043f730f05ad,2022,156,156,468
Stk Yd LIR,Stockyard Pink Lady,8,,PORTION,Lady In Red,Pink Lady,23ee67fb-37d2-442b-ab9d-d9ddeaa4b7d8,M26,M.26,0a32306b-5e22-4a0c-aa81-043f730f05ad,2022,161,161,483
Stk Yd LIR,Stockyard Pink Lady,9,,PORTION,Lady In Red,Pink Lady,23ee67fb-37d2-442b-ab9d-d9ddeaa4b7d8,M26,M.26,0a32306b-5e22-4a0c-aa81-043f730f05ad,2022,165,165,495
Stk Yd LIR,Stockyard Pink Lady,10,,PORTION,Lady In Red,Pink Lady,23ee67fb-37d2-442b-ab9d-d9ddeaa4b7d8,M26,M.26,0a32306b-5e22-4a0c-aa81-043f730f05ad,2022,169,169,507
Stk Yd LIR,Stockyard Pink Lady,11,,PORTION,Lady In Red,Pink Lady,23ee67fb-37d2-442b-ab9d-d9ddeaa4b7d8,M26,M.26,0a32306b-5e22-4a0c-aa81-043f730f05ad,2022,172,172,516
Stk Yd LIR,Stockyard Pink Lady,12,,PORTION,Lady In Red,Pink Lady,23ee67fb-37d2-442b-ab9d-d9ddeaa4b7d8,M26,M.26,0a32306b-5e22-4a0c-aa81-043f730f05ad,2022,177,177,531
Stk Yd LIR,Stockyard Pink Lady,13,,PORTION,Lady In Red,Pink Lady,23ee67fb-37d2-442b-ab9d-d9ddeaa4b7d8,M26,M.26,0a32306b-5e22-4a0c-aa81-043f730f05ad,2022,181,181,543
Stk Yd LIR,Stockyard Pink Lady,14,,PORTION,Lady In Red,Pink Lady,23ee67fb-37d2-442b-ab9d-d9ddeaa4b7d8,M26,M.26,0a32306b-5e22-4a0c-aa81-043f730f05ad,2022,185,185,555
Stk Yd LIR,Stockyard Pink Lady,15,,PORTION,Lady In Red,Pink Lady,23ee67fb-37d2-442b-ab9d-d9ddeaa4b7d8,M26,M.26,0a32306b-5e22-4a0c-aa81-043f730f05ad,2022,188,188,564
Stk Yd LIR,Stockyard Pink Lady,16,,PORTION,Lady In Red,Pink Lady,23ee67fb-37d2-442b-ab9d-d9ddeaa4b7d8,M26,M.26,0a32306b-5e22-4a0c-aa81-043f730f05ad,2022,195,195,585
Stk Yd LIR,Stockyard Pink Lady,17,,PORTION,Lady In Red,Pink Lady,23ee67fb-37d2-442b-ab9d-d9ddeaa4b7d8,M26,M.26,0a32306b-5e22-4a0c-aa81-043f730f05ad,2022,197,197,591
Stk Yd LIR,Stockyard Pink Lady,18,,PORTION,Lady In Red,Pink Lady,23ee67fb-37d2-442b-ab9d-d9ddeaa4b7d8,M26,M.26,0a32306b-5e22-4a0c-aa81-043f730f05ad,2022,201,201,603
Stk Yd LIR,Stockyard Pink Lady,19,,PORTION,Lady In Red,Pink Lady,23ee67fb-37d2-442b-ab9d-d9ddeaa4b7d8,M26,M.26,0a32306b-5e22-4a0c-aa81-043f730f05ad,2022,204,204,612
Stk Yd LIR,Stockyard Pink Lady,20,,PORTION,Lady In Red,Pink Lady,23ee67fb-37d2-442b-ab9d-d9ddeaa4b7d8,M26,M.26,0a32306b-5e22-4a0c-aa81-043f730f05ad,2022,209,209,627
Stk Yd LIR,Stockyard Pink Lady,21,,PORTION,Lady In Red,Pink Lady,23ee67fb-37d2-442b-ab9d-d9ddeaa4b7d8,M26,M.26,0a32306b-5e22-4a0c-aa81-043f730f05ad,2022,179,179,537
Stk Yd LIR,Stockyard Pink Lady,21,,PORTION,Lady In Red,Pink Lady,23ee67fb-37d2-442b-ab9d-d9ddeaa4b7d8,JM7,JM.7,643d679b-90ae-4e9c-9d48-cd6d98fd0bf0,2022,34,34,102
Stk Yd LIR,Stockyard Pink Lady,22,,PORTION,Lady In Red,Pink Lady,23ee67fb-37d2-442b-ab9d-d9ddeaa4b7d8,JM7,JM.7,643d679b-90ae-4e9c-9d48-cd6d98fd0bf0,2022,47,47,141
Stk Yd LIR,Stockyard Pink Lady,22,,PORTION,Lady In Red,Pink Lady,23ee67fb-37d2-442b-ab9d-d9ddeaa4b7d8,JM1,JM.7,643d679b-90ae-4e9c-9d48-cd6d98fd0bf0,2022,80,80,240
Stk Yd LIR,Stockyard Pink Lady,22,,PORTION,Lady In Red,Pink Lady,23ee67fb-37d2-442b-ab9d-d9ddeaa4b7d8,CG202,CG.202,85936b05-8a9a-4a12-ac65-e555bfd5e555,2022,30,30,90
Stk Yd LIR,Stockyard Pink Lady,22,,PORTION,Lady In Red,Pink Lady,23ee67fb-37d2-442b-ab9d-d9ddeaa4b7d8,G1,G.11,ce2f6820-418d-4b13-b5fd-f2a27e87c60c,2022,15,15,45
Stk Yd LIR,Stockyard Pink Lady,22,,PORTION,Lady In Red,Pink Lady,23ee67fb-37d2-442b-ab9d-d9ddeaa4b7d8,NIC 29,NIC.29,43bc7311-cfcf-4f0f-a6b0-85309c18bb93,2022,25,25,75
Stk Yd LIR,Stockyard Pink Lady,22,,PORTION,Lady In Red,Pink Lady,23ee67fb-37d2-442b-ab9d-d9ddeaa4b7d8,M26,M.26,0a32306b-5e22-4a0c-aa81-043f730f05ad,2022,19,19,57
WB-G-GS,Wisharts Bravo,1,,PORTION,Bravo,Bravo,ea5e0d65-4796-4d1d-8081-338ca30e7fdf,104,MM.104,aaad9070-e35e-41e4-aa2d-5955c6db065a,2017,312,156,702
WB-G-GS,Wisharts Gala,1,,PORTION,Galaval,Royal Gala,e54d8970-cb51-4768-8395-f2c4eeabb057,104,MM.104,aaad9070-e35e-41e4-aa2d-5955c6db065a,2015,47,47,211.5
WB-G-GS,Wisharts Bravo,2,W,SIDE,Bravo,Bravo,ea5e0d65-4796-4d1d-8081-338ca30e7fdf,104,MM.104,aaad9070-e35e-41e4-aa2d-5955c6db065a,2017,156,156,351
WB-G-GS,Wisharts Gala,2,W,SIDE,Galaval,Royal Gala,e54d8970-cb51-4768-8395-f2c4eeabb057,104,MM.104,aaad9070-e35e-41e4-aa2d-5955c6db065a,2015,47,47,105.75
WB-G-GS,Wisharts Granny Smith,2,E,SIDE,G/S,Granny Smith,c12ba571-815f-4c41-afae-57d07475c392,104,MM.104,aaad9070-e35e-41e4-aa2d-5955c6db065a,2000,203,203,456.75
WB-G-GS,Wisharts Granny Smith,3,W,SIDE,G/S,Granny Smith,c12ba571-815f-4c41-afae-57d07475c392,104,MM.104,aaad9070-e35e-41e4-aa2d-5955c6db065a,2000,203,203,456.75
WB-G-GS,Wisharts Bravo,3,E,SIDE,Bravo,Bravo,ea5e0d65-4796-4d1d-8081-338ca30e7fdf,104,MM.104,aaad9070-e35e-41e4-aa2d-5955c6db065a,2017,156,156,351
WB-G-GS,Wisharts Gala,3,E,SIDE,Galaval,Royal Gala,e54d8970-cb51-4768-8395-f2c4eeabb057,104,MM.104,aaad9070-e35e-41e4-aa2d-5955c6db065a,2015,47,47,105.75
WB-G-GS,Wisharts Bravo,4,,PORTION,Bravo,Bravo,ea5e0d65-4796-4d1d-8081-338ca30e7fdf,104,MM.104,aaad9070-e35e-41e4-aa2d-5955c6db065a,2017,312,156,702
WB-G-GS,Wisharts Gala,4,,PORTION,Galaval,Royal Gala,e54d8970-cb51-4768-8395-f2c4eeabb057,104,MM.104,aaad9070-e35e-41e4-aa2d-5955c6db065a,2015,94,47,211.5
WB-G-GS,Wisharts Bravo,5,,PORTION,Bravo,Bravo,ea5e0d65-4796-4d1d-8081-338ca30e7fdf,104,MM.104,aaad9070-e35e-41e4-aa2d-5955c6db065a,2017,312,156,702
WB-G-GS,Wisharts Gala,5,,PORTION,Galaval,Royal Gala,e54d8970-cb51-4768-8395-f2c4eeabb057,104,MM.104,aaad9070-e35e-41e4-aa2d-5955c6db065a,2015,94,47,211.5
WB-G-GS,Wisharts Bravo,6,,PORTION,Bravo,Bravo,ea5e0d65-4796-4d1d-8081-338ca30e7fdf,104,MM.104,aaad9070-e35e-41e4-aa2d-5955c6db065a,2017,312,156,702
WB-G-GS,Wisharts Gala,6,,PORTION,Galaval,Royal Gala,e54d8970-cb51-4768-8395-f2c4eeabb057,104,MM.104,aaad9070-e35e-41e4-aa2d-5955c6db065a,2015,94,47,211.5
WB-G-GS,Wisharts Bravo,7,W,SIDE,Bravo,Bravo,ea5e0d65-4796-4d1d-8081-338ca30e7fdf,104,MM.104,aaad9070-e35e-41e4-aa2d-5955c6db065a,2017,156,156,351
WB-G-GS,Wisharts Gala,7,W,SIDE,Galaval,Royal Gala,e54d8970-cb51-4768-8395-f2c4eeabb057,104,MM.104,aaad9070-e35e-41e4-aa2d-5955c6db065a,2015,47,47,105.75
WB-G-GS,Wisharts Granny Smith,7,E,SIDE,G/S,Granny Smith,c12ba571-815f-4c41-afae-57d07475c392,104,MM.104,aaad9070-e35e-41e4-aa2d-5955c6db065a,1999,203,203,456.75
WB-G-GS,Wisharts Granny Smith,8,W,SIDE,G/S,Granny Smith,c12ba571-815f-4c41-afae-57d07475c392,104,MM.104,aaad9070-e35e-41e4-aa2d-5955c6db065a,1999,203,203,456.75
WB-G-GS,Wisharts Bravo,8,E,SIDE,Bravo,Bravo,ea5e0d65-4796-4d1d-8081-338ca30e7fdf,104,MM.104,aaad9070-e35e-41e4-aa2d-5955c6db065a,2017,156,156,351
WB-G-GS,Wisharts Gala,8,E,SIDE,Galaval,Royal Gala,e54d8970-cb51-4768-8395-f2c4eeabb057,104,MM.104,aaad9070-e35e-41e4-aa2d-5955c6db065a,2015,47,47,105.75
WB-G-GS,Wisharts Bravo,9,,PORTION,Bravo,Bravo,ea5e0d65-4796-4d1d-8081-338ca30e7fdf,104,MM.104,aaad9070-e35e-41e4-aa2d-5955c6db065a,2017,312,156,702
WB-G-GS,Wisharts Gala,9,,PORTION,Galaval,Royal Gala,e54d8970-cb51-4768-8395-f2c4eeabb057,104,MM.104,aaad9070-e35e-41e4-aa2d-5955c6db065a,2015,94,47,211.5
WB-G-GS,Wisharts Bravo,10,,PORTION,Bravo,Bravo,ea5e0d65-4796-4d1d-8081-338ca30e7fdf,104,MM.104,aaad9070-e35e-41e4-aa2d-5955c6db065a,2017,312,156,702
WB-G-GS,Wisharts Gala,10,,PORTION,Galaval,Royal Gala,e54d8970-cb51-4768-8395-f2c4eeabb057,104,MM.104,aaad9070-e35e-41e4-aa2d-5955c6db065a,2016,94,47,211.5
WB-G-GS,Wisharts Bravo,11,,PORTION,Bravo,Bravo,ea5e0d65-4796-4d1d-8081-338ca30e7fdf,104,MM.104,aaad9070-e35e-41e4-aa2d-5955c6db065a,2017,312,156,702
WB-G-GS,Wisharts Gala,11,,PORTION,Galaval,Royal Gala,e54d8970-cb51-4768-8395-f2c4eeabb057,104,MM.104,aaad9070-e35e-41e4-aa2d-5955c6db065a,2016,94,47,211.5
WB-G-GS,Wisharts Bravo,12,W,SIDE,Bravo,Bravo,ea5e0d65-4796-4d1d-8081-338ca30e7fdf,104,MM.104,aaad9070-e35e-41e4-aa2d-5955c6db065a,2017,156,156,351
WB-G-GS,Wisharts Gala,12,W,SIDE,Galaval,Royal Gala,e54d8970-cb51-4768-8395-f2c4eeabb057,104,MM.104,aaad9070-e35e-41e4-aa2d-5955c6db065a,2016,47,47,105.75
WB-G-GS,Wisharts Granny Smith,12,E,SIDE,G/S,Granny Smith,c12ba571-815f-4c41-afae-57d07475c392,104,MM.104,aaad9070-e35e-41e4-aa2d-5955c6db065a,1999,203,203,456.75
WB-G-GS,Wisharts Granny Smith,13,W,SIDE,G/S,Granny Smith,c12ba571-815f-4c41-afae-57d07475c392,104,MM.104,aaad9070-e35e-41e4-aa2d-5955c6db065a,1999,203,203,456.75
WB-G-GS,Wisharts Bravo,13,E,SIDE,Bravo,Bravo,ea5e0d65-4796-4d1d-8081-338ca30e7fdf,104,MM.104,aaad9070-e35e-41e4-aa2d-5955c6db065a,2017,156,156,351
WB-G-GS,Wisharts Gala,13,E,SIDE,Galaval,Royal Gala,e54d8970-cb51-4768-8395-f2c4eeabb057,104,MM.104,aaad9070-e35e-41e4-aa2d-5955c6db065a,2016,47,47,105.75
WB-G-GS,Wisharts Bravo,14,,PORTION,Bravo,Bravo,ea5e0d65-4796-4d1d-8081-338ca30e7fdf,104,MM.104,aaad9070-e35e-41e4-aa2d-5955c6db065a,2017,312,156,702
WB-G-GS,Wisharts Gala,14,,PORTION,Galaval,Royal Gala,e54d8970-cb51-4768-8395-f2c4eeabb057,104,MM.104,aaad9070-e35e-41e4-aa2d-5955c6db065a,2016,94,47,211.5
WB-G-GS,Wisharts Bravo,15,,PORTION,Bravo,Bravo,ea5e0d65-4796-4d1d-8081-338ca30e7fdf,104,MM.104,aaad9070-e35e-41e4-aa2d-5955c6db065a,2017,312,156,702
WB-G-GS,Wisharts Gala,15,,PORTION,Galaval,Royal Gala,e54d8970-cb51-4768-8395-f2c4eeabb057,104,MM.104,aaad9070-e35e-41e4-aa2d-5955c6db065a,2016,94,47,211.5
WB-G-GS,Wisharts Bravo,16,,PORTION,Bravo,Bravo,ea5e0d65-4796-4d1d-8081-338ca30e7fdf,104,MM.104,aaad9070-e35e-41e4-aa2d-5955c6db065a,2017,312,156,702
WB-G-GS,Wisharts Gala,16,,PORTION,Galaval,Royal Gala,e54d8970-cb51-4768-8395-f2c4eeabb057,104,MM.104,aaad9070-e35e-41e4-aa2d-5955c6db065a,2016,94,47,211.5
WB-G-GS,Wisharts Bravo,17,W,SIDE,Bravo,Bravo,ea5e0d65-4796-4d1d-8081-338ca30e7fdf,104,MM.104,aaad9070-e35e-41e4-aa2d-5955c6db065a,2017,156,156,351
WB-G-GS,Wisharts Gala,17,W,SIDE,Galaval,Royal Gala,e54d8970-cb51-4768-8395-f2c4eeabb057,104,MM.104,aaad9070-e35e-41e4-aa2d-5955c6db065a,2016,47,47,105.75
WB-G-GS,Wisharts Granny Smith,17,E,SIDE,G/S,Granny Smith,c12ba571-815f-4c41-afae-57d07475c392,104,MM.104,aaad9070-e35e-41e4-aa2d-5955c6db065a,1999,203,203,456.75
WB-G-GS,Wisharts Granny Smith,18,,PORTION,G/S,Granny Smith,c12ba571-815f-4c41-afae-57d07475c392,104,MM.104,aaad9070-e35e-41e4-aa2d-5955c6db065a,1999,149,74.5,335.25
WB-G-GS,Wisharts Bravo,19,,PORTION,Bravo,Bravo,ea5e0d65-4796-4d1d-8081-338ca30e7fdf,104,MM.104,aaad9070-e35e-41e4-aa2d-5955c6db065a,2017,138,68.8,309.6
WIS PL/GS,Wisharts Pink Lady,1,,PORTION,P/L,Pink Lady,23ee67fb-37d2-442b-ab9d-d9ddeaa4b7d8,104,MM.104,aaad9070-e35e-41e4-aa2d-5955c6db065a,2002,95,205.5,1048.05
WIS PL/GS,Wisharts Pink Lady,2,,PORTION,P/L,Pink Lady,23ee67fb-37d2-442b-ab9d-d9ddeaa4b7d8,104,MM.104,aaad9070-e35e-41e4-aa2d-5955c6db065a,2002,93,205.5,1048.05
WIS PL/GS,Wisharts Pink Lady,3,,PORTION,P/L,Pink Lady,23ee67fb-37d2-442b-ab9d-d9ddeaa4b7d8,104,MM.104,aaad9070-e35e-41e4-aa2d-5955c6db065a,2002,88,205.5,1048.05
WIS PL/GS,Wisharts Pink Lady,4,,PORTION,P/L,Pink Lady,23ee67fb-37d2-442b-ab9d-d9ddeaa4b7d8,104,MM.104,aaad9070-e35e-41e4-aa2d-5955c6db065a,2002,20,41,209.1
WIS PL/GS,Wisharts Pink Lady,4,,PORTION,G/S,Granny Smith,c12ba571-815f-4c41-afae-57d07475c392,104,MM.104,aaad9070-e35e-41e4-aa2d-5955c6db065a,2002,83,163.5,833.85
WIS PL/GS,Wisharts Pink Lady,5,,PORTION,P/L,Pink Lady,23ee67fb-37d2-442b-ab9d-d9ddeaa4b7d8,104,MM.104,aaad9070-e35e-41e4-aa2d-5955c6db065a,2002,86,204.5,1042.95
WIS PL/GS,Wisharts Pink Lady,6,,PORTION,P/L,Pink Lady,23ee67fb-37d2-442b-ab9d-d9ddeaa4b7d8,104,MM.104,aaad9070-e35e-41e4-aa2d-5955c6db065a,2002,85,204.5,1042.95
WIS PL/GS,Wisharts Pink Lady,7,,PORTION,P/L,Pink Lady,23ee67fb-37d2-442b-ab9d-d9ddeaa4b7d8,104,MM.104,aaad9070-e35e-41e4-aa2d-5955c6db065a,2002,83,204.5,1042.95
WIS PL/GS,Wisharts Pink Lady,8,,PORTION,P/L,Pink Lady,23ee67fb-37d2-442b-ab9d-d9ddeaa4b7d8,104,MM.104,aaad9070-e35e-41e4-aa2d-5955c6db065a,2002,84,204.5,1042.95
WIS PL/GS,Wisharts Granny Smith,9,,PORTION,G/S,Granny Smith,c12ba571-815f-4c41-afae-57d07475c392,104,MM.104,aaad9070-e35e-41e4-aa2d-5955c6db065a,2002,102,204.5,1042.95
WIS PL/GS,Wisharts Pink Lady,10,,PORTION,P/L,Pink Lady,23ee67fb-37d2-442b-ab9d-d9ddeaa4b7d8,104,MM.104,aaad9070-e35e-41e4-aa2d-5955c6db065a,2002,86,204.5,1042.95
WIS PL/GS,Wisharts Pink Lady,11,,PORTION,P/L,Pink Lady,23ee67fb-37d2-442b-ab9d-d9ddeaa4b7d8,104,MM.104,aaad9070-e35e-41e4-aa2d-5955c6db065a,2002,86,204.5,1042.95
WIS PL/GS,Wisharts Pink Lady,12,,PORTION,P/L,Pink Lady,23ee67fb-37d2-442b-ab9d-d9ddeaa4b7d8,104,MM.104,aaad9070-e35e-41e4-aa2d-5955c6db065a,2002,87,204.5,1042.95
WIS PL/GS,Wisharts Pink Lady,13,,PORTION,P/L,Pink Lady,23ee67fb-37d2-442b-ab9d-d9ddeaa4b7d8,104,MM.104,aaad9070-e35e-41e4-aa2d-5955c6db065a,2002,88,204.5,1042.95
WIS PL/GS,Wisharts Pink Lady,14,,PORTION,P/L,Pink Lady,23ee67fb-37d2-442b-ab9d-d9ddeaa4b7d8,104,MM.104,aaad9070-e35e-41e4-aa2d-5955c6db065a,2002,86,204.5,1042.95
WIS PL/GS,Wisharts Granny Smith,15,,PORTION,G/S,Granny Smith,c12ba571-815f-4c41-afae-57d07475c392,104,MM.104,aaad9070-e35e-41e4-aa2d-5955c6db065a,2002,104,204.5,1042.95
WIS PL/GS,Wisharts Pink Lady,16,,PORTION,P/L,Pink Lady,23ee67fb-37d2-442b-ab9d-d9ddeaa4b7d8,104,MM.104,aaad9070-e35e-41e4-aa2d-5955c6db065a,2002,85,204.5,1042.95
WIS PL/GS,Wisharts Pink Lady,17,,PORTION,P/L,Pink Lady,23ee67fb-37d2-442b-ab9d-d9ddeaa4b7d8,104,MM.104,aaad9070-e35e-41e4-aa2d-5955c6db065a,2002,84,204.5,1042.95
WIS PL/GS,Wisharts Pink Lady,18,,PORTION,P/L,Pink Lady,23ee67fb-37d2-442b-ab9d-d9ddeaa4b7d8,104,MM.104,aaad9070-e35e-41e4-aa2d-5955c6db065a,2002,87,204.5,1042.95
WIS PL/GS,Wisharts Pink Lady,19,,PORTION,P/L,Pink Lady,23ee67fb-37d2-442b-ab9d-d9ddeaa4b7d8,104,MM.104,aaad9070-e35e-41e4-aa2d-5955c6db065a,2002,81,204.5,1042.95
